<?xml version="1.0" encoding="UTF-8" standalone="yes"?>
<device xmlns:xsi="http://www.w3.org/2001/XMLSchema-instance" dosid="02088" id="" name="PIC12LF1552" rev="" xsi:noNamespaceSchemaLocation="PCG.xsd">
    <manager name="System Module">
        <register alias="CONFIG1" name="CONFIG1" width="0x10">
            <setting alias="FOSC" default="ECH" name="FOSC" description="Oscillator Selection">
                <option description="ECH, External Clock, High Power Mode (4-20 MHz): device clock supplied to CLKIN pin" name="ECH" alias="ECH" value="0x3"/>
                <option description="ECM, External Clock, Medium Power Mode (0.5-4 MHz): device clock supplied to CLKIN pin" name="ECM" alias="ECM" value="0x2"/>
                <option description="ECL, External Clock, Low Power Mode (0-0.5 MHz): device clock supplied to CLKIN pin" name="ECL" alias="ECL" value="0x1"/>
                <option description="INTOSC oscillator: I/O function on CLKIN pin" name="INTOSC" alias="INTOSC" value="0x0"/>
            </setting>
            <setting alias="WDTE" default="ON" name="WDTE" description="Watchdog Timer Enable">
                <option description="WDT enabled" name="ON" alias="ON" value="0x18"/>
                <option description="WDT enabled while running and disabled in Sleep" name="NSLEEP" alias="NSLEEP" value="0x10"/>
                <option description="WDT controlled by the SWDTEN bit in the WDTCON register" name="SWDTEN" alias="SWDTEN" value="0x8"/>
                <option description="WDT disabled" name="OFF" alias="OFF" value="0x0"/>
            </setting>
            <setting alias="PWRTE" default="OFF" name="PWRTE" description="Power-up Timer Enable">
                <option description="PWRT disabled" name="OFF" alias="OFF" value="0x20"/>
                <option description="PWRT enabled" name="ON" alias="ON" value="0x0"/>
            </setting>
            <setting alias="MCLRE" default="ON" name="MCLRE" description="MCLR Pin Function Select">
                <option description="MCLR/VPP pin function is MCLR" name="ON" alias="ON" value="0x40"/>
                <option description="MCLR/VPP pin function is digital input" name="OFF" alias="OFF" value="0x0"/>
            </setting>
            <setting alias="CP" default="OFF" name="CP" description="Flash Program Memory Code Protection">
                <option description="Program memory code protection is disabled" name="OFF" alias="OFF" value="0x80"/>
                <option description="Program memory code protection is enabled" name="ON" alias="ON" value="0x0"/>
            </setting>
            <setting alias="BOREN" default="ON" name="BOREN" description="Brown-out Reset Enable">
                <option description="Brown-out Reset enabled" name="ON" alias="ON" value="0x600"/>
                <option description="Brown-out Reset enabled while running and disabled in Sleep" name="NSLEEP" alias="NSLEEP" value="0x400"/>
                <option description="Brown-out Reset controlled by the SBOREN bit in the BORCON register" name="SBODEN" alias="SBODEN" value="0x200"/>
                <option description="Brown-out Reset disabled" name="OFF" alias="OFF" value="0x0"/>
            </setting>
            <setting alias="CLKOUTEN" default="OFF" name="CLKOUTEN" description="Clock Out Enable">
                <option description="CLKOUT function is disabled. I/O or oscillator function on the CLKOUT pin" name="OFF" alias="OFF" value="0x800"/>
                <option description="CLKOUT function is enabled on the CLKOUT pin" name="ON" alias="ON" value="0x0"/>
            </setting>
        </register>
        <register alias="CONFIG2" name="CONFIG2" width="0x10">
            <setting alias="WRT" default="OFF" name="WRT" description="Flash Memory Self-Write Protection">
                <option description="Write protection off" name="OFF" alias="OFF" value="0x3"/>
                <option description="000h to 1FFh write protected, 200h to FFFh may be modified by PMCON control" name="BOOT" alias="BOOT" value="0x2"/>
                <option description="000h to 7FFh write protected, 800h to FFFh may be modified by PMCON control" name="HALF" alias="HALF" value="0x1"/>
                <option description="000h to FFFh write protected, no addresses may be modified by PMCON control" name="ALL" alias="ALL" value="0x0"/>
            </setting>
            <setting alias="STVREN" default="ON" name="STVREN" description="Stack Overflow/Underflow Reset Enable">
                <option description="Stack Overflow or Underflow will cause a Reset" name="ON" alias="ON" value="0x200"/>
                <option description="Stack Overflow or Underflow will not cause a Reset" name="OFF" alias="OFF" value="0x0"/>
            </setting>
            <setting alias="BORV" default="LO" name="BORV" description="Brown-out Reset Voltage Selection">
                <option description="Brown-out Reset Voltage (Vbor), low trip point selected." name="LO" alias="LO" value="0x400"/>
                <option description="Brown-out Reset Voltage (Vbor), high trip point selected." name="HI" alias="HI" value="0x0"/>
            </setting>
            <setting alias="LPBOR" default="OFF" name="LPBOR" description="Low-Power Brown Out Reset">
                <option description="Low-Power BOR is disabled" name="OFF" alias="OFF" value="0x800"/>
                <option description="Low-Power BOR is enabled" name="ON" alias="ON" value="0x0"/>
            </setting>
            <setting alias="LVP" default="ON" name="LVP" description="Low-Voltage Programming Enable">
                <option description="Low-voltage programming enabled" name="ON" alias="ON" value="0x2000"/>
                <option description="High-voltage on MCLR/VPP must be used for programming" name="OFF" alias="OFF" value="0x0"/>
            </setting>
        </register>
        <modules>
            <module group="Internal Oscillator" name="INTERNAL OSCILLATOR" type="osc" version="v0" sub_version="a0" instance="">
                <property name="PLLType" value="4XPLL"/>
                <property name="freqMaxEC" value="20000000"/>
                <property name="freqMinPLLEC" value="8000000"/>
                <property name="freqMinPLLINTOSC" value="8000000"/>
                <property name="freqMaxPLLEC" value="8000000"/>
                <property name="freqMaxPLLINTOSC" value="8000000"/>
                <register alias="OSCCON" name="OSCCON" type="R,W" width="8">
                    <setting alias="SPLLEN" default="disabled" name="SPLLEN" mask="0x80" type="R,W" porDefault="0x0">
                        <option name="disabled" alias="disabled" value="0x0"/>
                        <option name="enabled" alias="enabled" value="0x1"/>
                    </setting>
                    <setting alias="IRCF" default="500KHz_MF" name="IRCF" mask="0x78" type="R,W" porDefault="0x7">
                        <option name="16MHz_HF" alias="16MHz_HF" value="0xf"/>
                        <option name="8MHz_HF" alias="8MHz_HF" value="0xe"/>
                        <option name="4MHz_HF" alias="4MHz_HF" value="0xd"/>
                        <option name="2MHz_HF" alias="2MHz_HF" value="0xc"/>
                        <option name="1MHz_HF" alias="1MHz_HF" value="0xb"/>
                        <option name="500KHz_HF" alias="500KHz_HF" value="0xa"/>
                        <option name="250KHz_HF" alias="250KHz_HF" value="0x9"/>
                        <option name="125KHz_HF" alias="125KHz_HF" value="0x8"/>
                        <option name="500KHz_MF" alias="500KHz_MF" value="0x7"/>
                        <option name="250KHz_MF" alias="250KHz_MF" value="0x6"/>
                        <option name="125KHz_MF" alias="125KHz_MF" value="0x5"/>
                        <option name="62.5KHz_MF" alias="62.5KHz_MF" value="0x4"/>
                        <option name="31.25KHz_HF" alias="31.25KHz_HF" value="0x3"/>
                        <option name="31.25KHz_MF" alias="31.25KHz_MF" value="0x2"/>
                        <option name="31KHz_LF" alias="31KHz_LF" value="0x0"/>
                    </setting>
                    <setting alias="SCS" default="FOSC" name="SCS" mask="0x3" type="R,W" porDefault="0x0">
                        <option name="INTOSC" alias="INTOSC" value="0x2"/>
                        <option name="FOSC" alias="FOSC" value="0x0"/>
                    </setting>
                </register>
                <register alias="OSCSTAT" name="OSCSTAT" type="R,W" width="8">
                    <setting alias="PLLR" default="disabled" name="PLLR" mask="0x40" type="R,W" porDefault="0x0">
                        <option name="disabled" alias="disabled" value="0x0"/>
                        <option name="enabled" alias="enabled" value="0x1"/>
                    </setting>
                    <setting alias="HFIOFR" default="disabled" name="HFIOFR" mask="0x10" type="R,W" porDefault="0x0">
                        <option name="disabled" alias="disabled" value="0x0"/>
                        <option name="enabled" alias="enabled" value="0x1"/>
                    </setting>
                    <setting alias="LFIOFR" default="disabled" name="LFIOFR" mask="0x2" type="R,W" porDefault="0x0">
                        <option name="disabled" alias="disabled" value="0x0"/>
                        <option name="enabled" alias="enabled" value="0x1"/>
                    </setting>
                    <setting alias="HFIOFS" default="not stable" name="HFIOFS" mask="0x1" type="R,W" porDefault="0x0">
                        <option name="not stable" alias="not stable" value="0x0"/>
                        <option name="stable" alias="stable" value="0x1"/>
                    </setting>
                </register>
                <register alias="BORCON" name="BORCON" type="R,W" width="8">
                    <setting alias="SBOREN" default="disabled" name="SBOREN" mask="0x80" type="R,W" porDefault="0x1">
                        <option name="disabled" alias="disabled" value="0x0"/>
                        <option name="enabled" alias="enabled" value="0x1"/>
                    </setting>
                    <setting alias="BORFS" default="disabled" name="BORFS" mask="0x40" type="R,W" porDefault="0x0">
                        <option name="disabled" alias="disabled" value="0x0"/>
                        <option name="enabled" alias="enabled" value="0x1"/>
                    </setting>
                    <setting alias="BORRDY" default="BOR Circuit is inactive" name="BORRDY" mask="0x1" type="R" porDefault="0x0">
                        <option name="BOR Circuit is active" alias="BOR Circuit is active" value="0x1"/>
                        <option name="BOR Circuit is inactive" alias="BOR Circuit is inactive" value="0x0"/>
                    </setting>
                </register>
            </module>
            <module group="RESET" name="RESET" type="rst_sib" version="v0" sub_version="a0" instance=""/>
            <module group="WDT" name="WDT" type="wdt" version="v0" sub_version="a0" instance="">
                <register alias="WDTCON0" name="WDTCON" type="R,W" width="8">
                    <setting alias="WDTSEN" default="OFF" name="SWDTEN" mask="0x1" type="R,W" porDefault="0x0">
                        <option name="OFF" alias="OFF" value="0x0"/>
                        <option name="ON" alias="ON" value="0x1"/>
                    </setting>
                    <setting alias="WDTPS" default="1:65536" name="WDTPS" mask="0x3e" type="R,W" porDefault="0xb">
                        <option name="1:32" alias="1:32" value="0x0"/>
                        <option name="1:64" alias="1:64" value="0x1"/>
                        <option name="1:128" alias="1:128" value="0x2"/>
                        <option name="1:256" alias="1:256" value="0x3"/>
                        <option name="1:512" alias="1:512" value="0x4"/>
                        <option name="1:1024" alias="1:1024" value="0x5"/>
                        <option name="1:2048" alias="1:2048" value="0x6"/>
                        <option name="1:4096" alias="1:4096" value="0x7"/>
                        <option name="1:8192" alias="1:8192" value="0x8"/>
                        <option name="1:16384" alias="1:16384" value="0x9"/>
                        <option name="1:32768" alias="1:32768" value="0xa"/>
                        <option name="1:65536" alias="1:65536" value="0xb"/>
                        <option name="1:131072" alias="1:131072" value="0xc"/>
                        <option name="1:262144" alias="1:262144" value="0xd"/>
                        <option name="1:524288" alias="1:524288" value="0xe"/>
                        <option name="1:1048576" alias="1:1048576" value="0xf"/>
                        <option name="1:2097152" alias="1:2097152" value="0x10"/>
                        <option name="1:4194304" alias="1:4194304" value="0x11"/>
                        <option name="1:8388608" alias="1:8388608" value="0x12"/>
                    </setting>
                </register>
            </module>
        </modules>
    </manager>
    <pins>
        <pin name="VDD">
            <pinNumber package="PDIP8" value="1"/>
            <pinNumber package="SOIC8" value="1"/>
            <pinNumber package="MSOP8" value="1"/>
            <pinNumber package="DFN8" value="1"/>
            <pinAlias alias="VDD" module="POWER"/>
        </pin>
        <pin ansel="ANSA5" lat="LATA5" name="RA5" tris="TRISA5" wpu="WPUA5" cn="RA5">
            <pinNumber package="PDIP8" value="2"/>
            <pinNumber package="SOIC8" value="2"/>
            <pinNumber package="MSOP8" value="2"/>
            <pinNumber package="DFN8" value="2"/>
            <pinAlias alias="RA5" module="GPIO"/>
            <pinAlias alias="AN4" module="ADC"/>
            <pinAlias alias="ADGRDB" module="CVD"/>
            <pinAlias alias="CLKIN" module="INTERNAL OSCILLATOR">
                <constraint name="configBit" type="lock">
                    <constraintVariable name="FOSC" value="ECH"/>
                </constraint>
            </pinAlias>
            <pinAlias alias="CLKIN" module="INTERNAL OSCILLATOR">
                <constraint name="configBit" type="lock">
                    <constraintVariable name="FOSC" value="ECM"/>
                </constraint>
            </pinAlias>
            <pinAlias alias="CLKIN" module="INTERNAL OSCILLATOR">
                <constraint name="configBit" type="lock">
                    <constraintVariable name="FOSC" value="ECL"/>
                </constraint>
            </pinAlias>
        </pin>
        <pin ansel="ANSA4" lat="LATA4" name="RA4" tris="TRISA4" wpu="WPUA4" cn="RA4">
            <pinNumber package="PDIP8" value="3"/>
            <pinNumber package="SOIC8" value="3"/>
            <pinNumber package="MSOP8" value="3"/>
            <pinNumber package="DFN8" value="3"/>
            <pinAlias alias="RA4" module="GPIO"/>
            <pinAlias alias="AN3" module="ADC"/>
            <pinAlias alias="ADGRDA" module="CVD"/>
            <pinAlias alias="SDO" module="MSSP">
                <constraint name="configBit" type="APFCON">
                    <constraintVariable name="SDOSEL" value="RA4"/>
                </constraint>
            </pinAlias>
            <pinAlias alias="CLKOUT" module="INTERNAL OSCILLATOR">
                <constraint name="configBit" type="lock">
                    <constraintVariable name="CLKOUTEN" value="ON"/>
                </constraint>
            </pinAlias>
        </pin>
        <pin name="RA3" tris="TRISA3" wpu="WPUA3" cn="RA3">
            <pinNumber package="PDIP8" value="4"/>
            <pinNumber package="SOIC8" value="4"/>
            <pinNumber package="MSOP8" value="4"/>
            <pinNumber package="DFN8" value="4"/>
            <pinAlias alias="RA3" module="GPIO"/>
            <pinAlias alias="MCLR" module="RESET">
                <constraint name="configBit" type="lock">
                    <constraintVariable name="MCLRE" value="ON"/>
                </constraint>
            </pinAlias>
            <pinAlias alias="VPP" module="RESET"/>
            <pinAlias alias="SS" module="MSSP">
                <constraint name="configBit" type="APFCON">
                    <constraintVariable name="SSSEL" value="RA3"/>
                </constraint>
            </pinAlias>
            <pinAlias alias="SDI" module="MSSP">
                <constraint name="configBit" type="APFCON">
                    <constraintVariable name="SDSEL" value="RA3"/>
                </constraint>
            </pinAlias>
            <pinAlias alias="SDA" module="MSSP">
                <constraint name="configBit" type="APFCON">
                    <constraintVariable name="SDSEL" value="RA3"/>
                </constraint>
            </pinAlias>
        </pin>
        <pin ansel="ANSA2" lat="LATA2" name="RA2" tris="TRISA2" wpu="WPUA2" cn="RA2">
            <pinNumber package="PDIP8" value="5"/>
            <pinNumber package="SOIC8" value="5"/>
            <pinNumber package="MSOP8" value="5"/>
            <pinNumber package="DFN8" value="5"/>
            <pinAlias alias="RA2" module="GPIO"/>
            <pinAlias alias="INT" module="EXT_INT"/>
            <pinAlias alias="T0CKI" module="TMR0"/>
            <pinAlias alias="SDI" module="MSSP">
                <constraint name="configBit" type="APFCON">
                    <constraintVariable name="SDSEL" value="RA2"/>
                </constraint>
            </pinAlias>
            <pinAlias alias="SDA" module="MSSP">
                <constraint name="configBit" type="APFCON">
                    <constraintVariable name="SDSEL" value="RA2"/>
                </constraint>
            </pinAlias>
            <pinAlias alias="AN2" module="ADC"/>
            <pinAlias alias="ADOUT" module="CVD"/>
        </pin>
        <pin ansel="ANSA1" lat="LATA1" name="RA1" tris="TRISA1" wpu="WPUA1" cn="RA1">
            <pinNumber package="PDIP8" value="6"/>
            <pinNumber package="SOIC8" value="6"/>
            <pinNumber package="MSOP8" value="6"/>
            <pinNumber package="DFN8" value="6"/>
            <pinAlias alias="RA1" module="GPIO"/>
            <pinAlias alias="VREF+" module="ADC"/>
            <pinAlias alias="SCK" module="MSSP"/>
            <pinAlias alias="SCL" module="MSSP"/>
            <pinAlias alias="AN1" module="ADC"/>
        </pin>
        <pin ansel="ANSA0" lat="LATA0" name="RA0" tris="TRISA0" wpu="WPUA0" cn="RA0">
            <pinNumber package="PDIP8" value="7"/>
            <pinNumber package="SOIC8" value="7"/>
            <pinNumber package="MSOP8" value="7"/>
            <pinNumber package="DFN8" value="7"/>
            <pinAlias alias="RA0" module="GPIO"/>
            <pinAlias alias="AN0" module="ADC"/>
            <pinAlias alias="SDO" module="MSSP">
                <constraint name="configBit" type="APFCON">
                    <constraintVariable name="SDOSEL" value="RA0"/>
                </constraint>
            </pinAlias>
            <pinAlias alias="SS" module="MSSP">
                <constraint name="configBit" type="APFCON">
                    <constraintVariable name="SSSEL" value="RA0"/>
                </constraint>
            </pinAlias>
            <pinAlias alias="ICSPDAT" module="INTERNAL OSCILLATOR"/>
        </pin>
        <pin name="VSS">
            <pinNumber package="PDIP8" value="8"/>
            <pinNumber package="SOIC8" value="8"/>
            <pinNumber package="MSOP8" value="8"/>
            <pinNumber package="DFN8" value="8"/>
            <pinAlias alias="VSS" module="POWER"/>
        </pin>
    </pins>
    <manager name="Pin Manager">
        <register alias="ANSELA" name="ANSELA" width="8">
            <setting alias="ANSA0" default="analog" name="ANSA0" mask="0x1">
                <option name="analog" alias="analog" value="0x1"/>
                <option name="digital" alias="digital" value="0x0"/>
            </setting>
            <setting alias="ANSA1" default="analog" name="ANSA1" mask="0x2">
                <option name="analog" alias="analog" value="0x1"/>
                <option name="digital" alias="digital" value="0x0"/>
            </setting>
            <setting alias="ANSA2" default="analog" name="ANSA2" mask="0x4">
                <option name="analog" alias="analog" value="0x1"/>
                <option name="digital" alias="digital" value="0x0"/>
            </setting>
            <setting alias="ANSA4" default="analog" name="ANSA4" mask="0x10">
                <option name="analog" alias="analog" value="0x1"/>
                <option name="digital" alias="digital" value="0x0"/>
            </setting>
            <setting alias="ANSA5" default="analog" name="ANSA5" mask="0x20">
                <option name="analog" alias="analog" value="0x1"/>
                <option name="digital" alias="digital" value="0x0"/>
            </setting>
        </register>
        <register alias="IOCAP" name="IOCAP" width="8">
            <setting alias="IOCAP0" default="disabled" name="IOCAP0" mask="0x1">
                <option name="enabled" alias="enabled" value="0x1"/>
                <option name="disabled" alias="disabled" value="0x0"/>
            </setting>
            <setting alias="IOCAP1" default="disabled" name="IOCAP1" mask="0x2">
                <option name="enabled" alias="enabled" value="0x1"/>
                <option name="disabled" alias="disabled" value="0x0"/>
            </setting>
            <setting alias="IOCAP2" default="disabled" name="IOCAP2" mask="0x4">
                <option name="enabled" alias="enabled" value="0x1"/>
                <option name="disabled" alias="disabled" value="0x0"/>
            </setting>
            <setting alias="IOCAP3" default="disabled" name="IOCAP3" mask="0x8">
                <option name="enabled" alias="enabled" value="0x1"/>
                <option name="disabled" alias="disabled" value="0x0"/>
            </setting>
            <setting alias="IOCAP4" default="disabled" name="IOCAP4" mask="0x10">
                <option name="enabled" alias="enabled" value="0x1"/>
                <option name="disabled" alias="disabled" value="0x0"/>
            </setting>
            <setting alias="IOCAP5" default="disabled" name="IOCAP5" mask="0x20">
                <option name="enabled" alias="enabled" value="0x1"/>
                <option name="disabled" alias="disabled" value="0x0"/>
            </setting>
        </register>
        <register alias="IOCAN" name="IOCAN" width="8">
            <setting alias="IOCAN0" default="disabled" name="IOCAN0" mask="0x1">
                <option name="enabled" alias="enabled" value="0x1"/>
                <option name="disabled" alias="disabled" value="0x0"/>
            </setting>
            <setting alias="IOCAN1" default="disabled" name="IOCAN1" mask="0x2">
                <option name="enabled" alias="enabled" value="0x1"/>
                <option name="disabled" alias="disabled" value="0x0"/>
            </setting>
            <setting alias="IOCAN2" default="disabled" name="IOCAN2" mask="0x4">
                <option name="enabled" alias="enabled" value="0x1"/>
                <option name="disabled" alias="disabled" value="0x0"/>
            </setting>
            <setting alias="IOCAN3" default="disabled" name="IOCAN3" mask="0x8">
                <option name="enabled" alias="enabled" value="0x1"/>
                <option name="disabled" alias="disabled" value="0x0"/>
            </setting>
            <setting alias="IOCAN4" default="disabled" name="IOCAN4" mask="0x10">
                <option name="enabled" alias="enabled" value="0x1"/>
                <option name="disabled" alias="disabled" value="0x0"/>
            </setting>
            <setting alias="IOCAN5" default="disabled" name="IOCAN5" mask="0x20">
                <option name="enabled" alias="enabled" value="0x1"/>
                <option name="disabled" alias="disabled" value="0x0"/>
            </setting>
        </register>
        <register alias="IOCAF" name="IOCAF" width="8">
            <setting alias="IOCAF0" default="disabled" name="IOCAF0" mask="0x1">
                <option name="enabled" alias="enabled" value="0x1"/>
                <option name="disabled" alias="disabled" value="0x0"/>
            </setting>
            <setting alias="IOCAF1" default="disabled" name="IOCAF1" mask="0x2">
                <option name="enabled" alias="enabled" value="0x1"/>
                <option name="disabled" alias="disabled" value="0x0"/>
            </setting>
            <setting alias="IOCAF2" default="disabled" name="IOCAF2" mask="0x4">
                <option name="enabled" alias="enabled" value="0x1"/>
                <option name="disabled" alias="disabled" value="0x0"/>
            </setting>
            <setting alias="IOCAF3" default="disabled" name="IOCAF3" mask="0x8">
                <option name="enabled" alias="enabled" value="0x1"/>
                <option name="disabled" alias="disabled" value="0x0"/>
            </setting>
            <setting alias="IOCAF4" default="disabled" name="IOCAF4" mask="0x10">
                <option name="enabled" alias="enabled" value="0x1"/>
                <option name="disabled" alias="disabled" value="0x0"/>
            </setting>
            <setting alias="IOCAF5" default="disabled" name="IOCAF5" mask="0x20">
                <option name="enabled" alias="enabled" value="0x1"/>
                <option name="disabled" alias="disabled" value="0x0"/>
            </setting>
        </register>
        <interrupt name="IOCI" flag="INTCONbits.IOCIF" enable="INTCONbits.IOCIE"/>
        <register alias="APFCON" name="APFCON" type="R,W" width="8">
            <setting alias="SDSEL" default="RA2" name="SDSEL" mask="0x10" type="R,W" porDefault="0x0">
                <option name="RA2" alias="RA2" value="0x0"/>
                <option name="RA3" alias="RA3" value="0x1"/>
            </setting>
            <setting alias="SSSEL" default="RA3" name="SSSEL" mask="0x20" type="R,W" porDefault="0x0">
                <option name="RA3" alias="RA3" value="0x0"/>
                <option name="RA0" alias="RA0" value="0x1"/>
            </setting>
            <setting alias="SDOSEL" default="RA0" name="SDOSEL" mask="0x40" type="R,W" porDefault="0x0">
                <option name="RA0" alias="RA0" value="0x0"/>
                <option name="RA4" alias="RA4" value="0x1"/>
            </setting>
        </register>
        <register alias="OPTION_REG" name="OPTION_REG" type="R,W" width="8">
            <setting alias="nWPUEN" default="disabled" name="nWPUEN" mask="0x80" type="R,W" porDefault="0x1" description="Weak Pull-up Enable">
                <option name="enabled" alias="enabled" value="0x0"/>
                <option name="disabled" alias="disabled" value="0x1"/>
            </setting>
        </register>
    </manager>
    <modules>
        <module group="ADC" name="ADC" type="adc_sarcore_10bit" version="v1" sub_version="f2" instance="">
            <interrupt name="ADI" flag="PIR1bits.ADIF" enable="PIE1bits.ADIE"/>
            <property name="minimumTad" value="1E-6"/>
            <property name="maximumTad" value="6E-6"/>
            <register alias="ADCON0" name="ADCON0" type="R,W" width="8">
                <setting alias="ADON" default="disabled" name="ADON" mask="0x1" type="R,W" porDefault="0x0">
                    <option name="disabled" alias="disabled" value="0x0"/>
                    <option name="enabled" alias="enabled" value="0x1"/>
                </setting>
                <setting alias="GO_nDONE" default="stop" name="GO_nDONE" mask="0x2" type="R,W" porDefault="0x0">
                    <option name="stop" alias="stop" value="0x0"/>
                    <option name="start" alias="start" value="0x1"/>
                </setting>
                <setting alias="CHS" default="AN0" name="CHS" mask="0x7c" type="R,W" porDefault="0x0">
                    <option name="AN0" alias="AN0" value="0x0"/>
                    <option name="AN1" alias="AN1" value="0x1"/>
                    <option name="AN2" alias="AN2" value="0x2"/>
                    <option name="AN3" alias="AN3" value="0x3"/>
                    <option name="AN4" alias="AN4" value="0x4"/>
                    <option name="VREFH" alias="VREF+" value="0x1a"/>
                    <option name="Temp" alias="Temp" value="0x1d"/>
                    <option name="FVR" alias="FVR" value="0x1f"/>
                </setting>
            </register>
            <register alias="ADCON1" name="ADCON1" type="R,W" width="8">
                <setting alias="ADPREF" default="VDD" name="ADPREF" mask="0x3" type="R,W" porDefault="0x0">
                    <option name="VDD" alias="VDD" value="0x0"/>
                    <option name="external" alias="external" value="0x2"/>
                    <option name="FVR" alias="FVR" value="0x3"/>
                </setting>
                <setting alias="ADFM" default="left" name="ADFM" mask="0x80" type="R,W" porDefault="0x0">
                    <option name="left" alias="left" value="0x0"/>
                    <option name="right" alias="right" value="0x1"/>
                </setting>
                <setting alias="ADCS" default="FOSC/2" name="ADCS" mask="0x70" type="R,W" porDefault="0x0">
                    <option name="FOSC/2" alias="FOSC/2" value="0x0"/>
                    <option name="FOSC/8" alias="FOSC/8" value="0x1"/>
                    <option name="FOSC/32" alias="FOSC/32" value="0x2"/>
                    <option name="Frc" alias="Frc" value="0x3"/>
                    <option name="FOSC/4" alias="FOSC/4" value="0x4"/>
                    <option name="FOSC/16" alias="FOSC/16" value="0x5"/>
                    <option name="FOSC/64" alias="FOSC/64" value="0x6"/>
                    <option name="Frc" alias="Frc" value="0x7"/>
                </setting>
            </register>
            <register alias="AADCON2" name="AADCON2" type="R,W" width="8">
                <setting alias="TRIGSEL" default="no_auto_trigger" name="TRIGSEL" mask="0x70" type="R,W" porDefault="0x0">
                    <option name="no_auto_trigger" alias="no_auto_trigger" value="0x0"/>
                    <option name="TMR0_overflow" alias="TMR0_overflow" value="0x3"/>
                </setting>
            </register>
            <register alias="AADRES0L" name="AADRES0L" type="R,W" width="8">
                <setting alias="AADRES0L" default="0x0" name="ADRES0L" mask="0xff" type="R,W" porDefault="0x0"/>
            </register>
            <register alias="AADRES0H" name="AADRES0H" type="R,W" width="8">
                <setting alias="AADRES0H" default="0x0" name="ADRES0H" mask="0xff" type="R,W" porDefault="0x0"/>
            </register>
            <register alias="AADRES1L" name="AADRES1L" type="R,W" width="8">
                <setting alias="AADRES1L" default="0x0" name="ADRES1L" mask="0xff" type="R,W" porDefault="0x0"/>
            </register>
            <register alias="AADRES1H" name="AADRES1H" type="R,W" width="8">
                <setting alias="AADRES1H" default="0x0" name="ADRES1H" mask="0xff" type="R,W" porDefault="0x0"/>
            </register>
            <register alias="AADCON3" name="AADCON3" type="R,W" width="8">
                <setting alias="ADEPPOL" default="Vss" name="ADEPPOL" mask="0x80" type="R,W" porDefault="0x0">
                    <option name="Vss" alias="Vss" value="0x0"/>
                    <option name="Vdd" alias="Vdd" value="0x1"/>
                </setting>
                <setting alias="ADIPPOL" default="VREF-" name="ADIPPOL" mask="0x40" type="R,W" porDefault="0x0">
                    <option name="VREFL" alias="VREF-" value="0x0"/>
                    <option name="VREFH" alias="VREF+" value="0x1"/>
                </setting>
                <setting alias="ADOEN" default="No Connection" name="ADOEN" mask="0x10" type="R,W" porDefault="0x0">
                    <option name="No Connection" alias="No Connection" value="0x0"/>
                    <option name="ADOUT pin connected" alias="ADOUT pin connected" value="0x1"/>
                </setting>
                <setting alias="ADOOEN" default="Not Overridden" name="ADOOEN" mask="0x8" type="R,W" porDefault="0x0">
                    <option name="Not Overridden" alias="Not Overridden" value="0x0"/>
                    <option name="Overridden" alias="Overridden" value="0x1"/>
                </setting>
                <setting alias="ADIPEN" default="Non inverted" name="ADIPEN" mask="0x2" type="R,W" porDefault="0x0">
                    <option name="Non inverted" alias="Non inverted" value="0x0"/>
                    <option name="inverted" alias="inverted" value="0x1"/>
                </setting>
                <setting alias="ADDSEN" default="Single conversion" name="ADDSEN" mask="0x1" type="R,W" porDefault="0x0">
                    <option name="Single conversion" alias="Single conversion" value="0x0"/>
                    <option name="Multiple conversion" alias="Multiple conversion" value="0x1"/>
                </setting>
            </register>
            <register alias="AADSTAT" name="AADSTAT" type="R,W" width="8">
                <setting alias="ADCONV" default="AADRES0H:AADRES0L" name="ADCONV" mask="0x4" type="R" porDefault="0x0">
                    <option name="AADRES0H:AADRES0L" alias="AADRES0H:AADRES0L" value="0x0"/>
                    <option name="AADRES1H:AADRES1L" alias="AADRES1H:AADRES1L" value="0x1"/>
                </setting>
                <setting alias="ADSTG" default="Not converting" name="ADSTG" mask="0x3" type="R,W" porDefault="0x0">
                    <option name="Not converting" alias="Not converting" value="0x0"/>
                    <option name="Pre charge state" alias="Pre charge state" value="0x1"/>
                    <option name="Acquisition state" alias="Acquisition state" value="0x2"/>
                    <option name="Conversion state" alias="Conversion state" value="0x3"/>
                </setting>
            </register>
            <register alias="AADGRD" name="AADGRD" type="R,W" width="8">
                <setting alias="GRDBOE" default="No Guard ring enabled" name="GRDBOE" mask="0x80" type="R,W" porDefault="0x0">
                    <option name="No Guard ring enabled" alias="No Guard ring enabled" value="0x0"/>
                    <option name="Guard ring enabled" alias="Guard ring enabled" value="0x1"/>
                </setting>
                <setting alias="GRDAOE" default="No Guard ring enabled" name="GRDAOE" mask="0x40" type="R,W" porDefault="0x0">
                    <option name="No Guard ring enabled" alias="No Guard ring enabled" value="0x0"/>
                    <option name="Guard ring enabled" alias="Guard ring enabled" value="0x1"/>
                </setting>
                <setting alias="GRDPOL" default="Low" name="GRDPOL" mask="0x20" type="R,W" porDefault="0x0">
                    <option name="Low" alias="Low" value="0x0"/>
                    <option name="High" alias="High" value="0x1"/>
                </setting>
            </register>
            <register alias="AADCAP" name="AADCAP" type="R,W" width="8">
                <setting alias="ADD1CAP" default="Additional uC disabled" name="ADDCAP" mask="0x7" type="R,W" porDefault="0x0">
                    <option name="Additional uC disabled" alias="Additional uC disabled" value="0x0"/>
                    <option name="Additional uC of 4pF" alias="Additional uC of 4pF" value="0x1"/>
                    <option name="Additional uC of 8pF" alias="Additional uC of 8pF" value="0x2"/>
                    <option name="Additional uC of 12pF" alias="Additional uC of 12pF" value="0x3"/>
                    <option name="Additional uC of 16pF" alias="Additional uC of 16pF" value="0x4"/>
                    <option name="Additional uC of 20pF" alias="Additional uC of 20pF" value="0x5"/>
                    <option name="Additional uC of 24pF" alias="Additional uC of 24pF" value="0x6"/>
                    <option name="Additional uC of 28pF" alias="Additional uC of 28pF" value="0x7"/>
                </setting>
            </register>
            <register alias="AADPRE" name="AADPRE" type="R,W" width="8">
                <setting alias="AADPRE" default="0x0" name="ADPRE" mask="0x7f" type="R,W" porDefault="0x0"/>
            </register>
            <register alias="AADACQ" name="AADACQ" type="R,W" width="8">
                <setting alias="AADACQ" default="0x0" name="ADACQ" mask="0x7f" type="R,W" porDefault="0x0"/>
            </register>
        </module>
        <module group="Ext_Interrupt" name="EXT_INT" type="int_8bit" version="v0" sub_version="a0" instance="">
            <interrupt name="INTI" flag="INTCONbits.INTF" enable="INTCONbits.INTE"/>
            <register alias="OPTION_REG" name="OPTION_REG" type="R,W" width="8">
                <setting alias="INTEDG" default="rising_edge" name="INTEDG" mask="0x40" type="R,W" porDefault="0x1" description="INT Interrupt Edge Select bit">
                    <option name="falling_edge" alias="falling_edge" value="0x0"/>
                    <option name="rising_edge" alias="rising_edge" value="0x1"/>
                </setting>
            </register>
        </module>
        <module group="MSSP" name="MSSP" type="mssp" version="v7" sub_version="b0" instance="">
            <interrupt name="SSPI" flag="PIR1bits.SSP1IF" enable="PIE1bits.SSP1IE"/>
            <interrupt name="BCLI" flag="PIR2bits.BCL1IF" enable="PIE2bits.BCL1IE"/>
            <register alias="SSPSTAT" name="SSP1STAT" type="R,W" width="8">
                <setting alias="BF" default="RCinprocess_TXcomplete" name="BF" mask="0x1" type="R,W" porDefault="0x0" description="Buffer Full Status bit">
                    <option name="RCinprocess_TXcomplete" alias="RCinprocess_TXcomplete" value="0x0"/>
                    <option name="RCcomplete_TXinprocess" alias="RCcomplete_TXinprocess" value="0x1"/>
                </setting>
                <setting alias="UA" default="dontupdate" name="UA" mask="0x2" type="R,W" porDefault="0x0" description="Update Address bit">
                    <option name="dontupdate" alias="dontupdate" value="0x0"/>
                    <option name="update" alias="update" value="0x1"/>
                </setting>
                <setting alias="R_nW" default="write_noTX" name="R_nW" mask="0x4" type="R,W" porDefault="0x0" description="Read/Write Information bit">
                    <option name="write_noTX" alias="write_noTX" value="0x0"/>
                    <option name="read_TX" alias="read_TX" value="0x1"/>
                </setting>
                <setting alias="S" default="startbit_notdetected" name="S" mask="0x8" type="R,W" porDefault="0x0" description="Start bit">
                    <option name="startbit_notdetected" alias="startbit_notdetected" value="0x0"/>
                    <option name="startbit_detected" alias="startbit_detected" value="0x1"/>
                </setting>
                <setting alias="P" default="stopbit_notdetected" name="P" mask="0x10" type="R,W" porDefault="0x0" description="Stop bit">
                    <option name="stopbit_notdetected" alias="stopbit_notdetected" value="0x0"/>
                    <option name="stopbit_detected" alias="stopbit_detected" value="0x1"/>
                </setting>
                <setting alias="D_nA" default="lastbyte_address" name="D_nA" mask="0x20" type="R,W" porDefault="0x0" description="Data/Address bit">
                    <option name="lastbyte_address" alias="lastbyte_address" value="0x0"/>
                    <option name="lastbyte_data" alias="lastbyte_data" value="0x1"/>
                </setting>
                <setting alias="CKE" default="disabled" name="CKE" mask="0x40" type="R,W" porDefault="0x0" description="SPI Clock Edge Select bit">
                    <option name="disabled" alias="disabled" value="0x0" mode="I2C"/>
                    <option name="Idle to Active" alias="Idle to Active" value="0x0" mode="SPI"/>
                    <option name="Active to Idle" alias="Active to Idle" value="0x1" mode="SPI"/>
                    <option name="enabled" alias="enabled" value="0x1" mode="I2C"/>
                </setting>
                <setting alias="SMP" default="High Speed" name="SMP" mask="0x80" type="R,W" porDefault="0x0" description="SPI Data Input Sample Phase bit">
                    <option name="Middle" alias="Middle" value="0x0" mode="SPI"/>
                    <option name="High Speed" alias="High Speed" value="0x0" mode="I2C"/>
                    <option name="End" alias="End" value="0x1" mode="SPI"/>
                    <option name="Standard Speed" alias="Standard Speed" value="0x1" mode="I2C"/>
                </setting>
            </register>
            <register alias="SSPCON1" name="SSP1CON1" type="R,W" width="8">
                <setting alias="SSPM" default="FOSC/4" name="SSPM" mask="0xf" type="R,W" porDefault="0x0" description="Synchronous Serial Port Mode Select bits">
                    <option name="FOSC/4" alias="FOSC/4" value="0x0" mode="SPI Master"/>
                    <option name="FOSC/16" alias="FOSC/16" value="0x1" mode="SPI Master"/>
                    <option name="FOSC/64" alias="FOSC/64" value="0x2" mode="SPI Master"/>
                    <option name="SCKx_nSSxenabled" alias="SCKx_nSSxenabled" value="0x4" mode="SPI Slave"/>
                    <option name="SCKx_nSSxdisabled" alias="SCKx_nSSxdisabled" value="0x5" mode="SPI Slave"/>
                    <option name="7 Bit Polling" alias="7 Bit Polling" value="0x6" mode="I2C Slave Polling"/>
                    <option name="10 Bit Polling" alias="10 Bit Polling" value="0x7" mode="I2C Slave Polling"/>
                    <option name="FOSC/4_SSPxADD_I2C" alias="FOSC/4_SSPxADD_I2C" value="0x8" mode="I2C Master"/>
                    <option name="FOSC/4_SSPxADD" alias="FOSC/4_SSPxADD" value="0xa" mode="SPI Master"/>
                    <option name="Firmware Controlled" alias="Firmware Controlled" value="0xb" mode="I2C Master"/>
                    <option name="7 Bit" alias="7 Bit" value="0xe" mode="I2C Slave"/>
                    <option name="10 Bit" alias="10 Bit" value="0xf" mode="I2C Slave"/>
                </setting>
                <setting alias="CKP" default="Idle:Low, Active:High" name="CKP" mask="0x10" type="R,W" porDefault="0x0" description="SPI Clock Polarity Select bit/I2C Clock stretch">
                    <option name="Idle:Low, Active:High" alias="Idle:Low, Active:High" value="0x0" mode="SPI"/>
                    <option name="disabled" alias="disabled" value="0x0" mode="I2C"/>
                    <option name="Idle:High, Active:Low" alias="Idle:High, Active:Low" value="0x1" mode="SPI"/>
                    <option name="enabled" alias="enabled" value="0x1" mode="I2C"/>
                </setting>
                <setting alias="SSPEN" default="disabled" name="SSPEN" mask="0x20" type="R,W" porDefault="0x0" description="Synchronous Serial Port Enable bit">
                    <option name="disabled" alias="disabled" value="0x0"/>
                    <option name="enabled" alias="enabled" value="0x1"/>
                </setting>
                <setting alias="SSPOV" default="no_overflow" name="SSPOV" mask="0x40" type="R,W" porDefault="0x0" description="Receive Overflow Indicator bit">
                    <option name="no_overflow" alias="no_overflow" value="0x0"/>
                    <option name="overflow" alias="overflow" value="0x1"/>
                </setting>
                <setting alias="WCOL" default="no_collision" name="WCOL" mask="0x80" type="R,W" porDefault="0x0" description="Write Collision Detect bit">
                    <option name="no_collision" alias="no_collision" value="0x0"/>
                    <option name="collision" alias="collision" value="0x1"/>
                </setting>
            </register>
            <register alias="SSPCON2" name="SSP1CON2" type="R,W" width="8">
                <setting alias="SEN" default="disabled" name="SEN" mask="0x1" type="R,W" porDefault="0x0" description="Start Condition Enable/Stretch Enable bit">
                    <option name="disabled" alias="disabled" value="0x0"/>
                    <option name="enabled" alias="enabled" value="0x1"/>
                </setting>
                <setting alias="RSEN" default="disabled" name="RSEN" mask="0x2" type="R,W" porDefault="0x0" description=": Repeated Start Condition Enable bit (Master mode only)">
                    <option name="disabled" alias="disabled" value="0x0"/>
                    <option name="enabled" alias="enabled" value="0x1"/>
                </setting>
                <setting alias="PEN" default="disabled" name="PEN" mask="0x4" type="R,W" porDefault="0x0" description="Stop Condition Enable bit (Master mode only)">
                    <option name="disabled" alias="disabled" value="0x0"/>
                    <option name="enabled" alias="enabled" value="0x1"/>
                </setting>
                <setting alias="RCEN" default="disabled" name="RCEN" mask="0x8" type="R,W" porDefault="0x0" description="Receive Enable bit (Master mode only)">
                    <option name="disabled" alias="disabled" value="0x0"/>
                    <option name="enabled" alias="enabled" value="0x1"/>
                </setting>
                <setting alias="ACKEN" default="disabled" name="ACKEN" mask="0x10" type="R,W" porDefault="0x0" description="Acknowledge Sequence Enable bit (Master Receive mode only)">
                    <option name="disabled" alias="disabled" value="0x0"/>
                    <option name="enabled" alias="enabled" value="0x1"/>
                </setting>
                <setting alias="ACKDT" default="acknowledge" name="ACKDT" mask="0x20" type="R,W" porDefault="0x0" description="Acknowledge Data bit (Receive mode only)">
                    <option name="acknowledge" alias="acknowledge" value="0x0"/>
                    <option name="not_acknowledge" alias="not_acknowledge" value="0x1"/>
                </setting>
                <setting alias="ACKSTAT" default="received" name="ACKSTAT" mask="0x40" type="R,W" porDefault="0x0" description="Acknowledge Status bit (Transmission only)">
                    <option name="received" alias="received" value="0x0"/>
                    <option name="not_received" alias="not_received" value="0x1"/>
                </setting>
                <setting alias="GCEN" default="disabled" name="GCEN" mask="0x80" type="R,W" porDefault="0x0" description="General Call Enable bit (Slave mode only)">
                    <option name="disabled" alias="disabled" value="0x0"/>
                    <option name="enabled" alias="enabled" value="0x1"/>
                </setting>
            </register>
            <register alias="SSPCON3" name="SSP1CON3" type="R,W" width="8">
                <setting alias="DHEN" default="disabled" name="DHEN" mask="0x1" type="R,W" porDefault="0x0" description="Data Hold Enable bit">
                    <option name="disabled" alias="disabled" value="0x0"/>
                    <option name="enabled" alias="enabled" value="0x1"/>
                </setting>
                <setting alias="AHEN" default="disabled" name="AHEN" mask="0x2" type="R,W" porDefault="0x0" description="Address Hold Enable bit (I2C Slave mode only)">
                    <option name="disabled" alias="disabled" value="0x0"/>
                    <option name="enabled" alias="enabled" value="0x1"/>
                </setting>
                <setting alias="SBCDE" default="disabled" name="SBCDE" mask="0x4" type="R,W" porDefault="0x0" description="Slave mode Bus Collision Detect Enable bit (I2C Slave mode only)">
                    <option name="disabled" alias="disabled" value="0x0"/>
                    <option name="enabled" alias="enabled" value="0x1"/>
                </setting>
                <setting alias="SDAHT" default="100ns" name="SDAHT" mask="0x8" type="R,W" porDefault="0x0" description="SDA Hold Time selection bit (I2C mode only)">
                    <option name="100ns" alias="100ns" value="0x0" mode="I2C"/>
                    <option name="300ns" alias="300ns" value="0x1" mode="I2C"/>
                </setting>
                <setting alias="BOEN" default="disabled" name="BOEN" mask="0x10" type="R,W" porDefault="0x0" description="Buffer Overwrite Enable bit">
                    <option name="disabled" alias="disabled" value="0x0"/>
                    <option name="enabled" alias="enabled" value="0x1"/>
                </setting>
                <setting alias="SCIE" default="disabled" name="SCIE" mask="0x20" type="R,W" porDefault="0x0" description="Start Condition Interrupt Enable">
                    <option name="disabled" alias="disabled" value="0x0"/>
                    <option name="enabled" alias="enabled" value="0x1"/>
                </setting>
                <setting alias="PCIE" default="disabled" name="PCIE" mask="0x40" type="R,W" porDefault="0x0" description="Stop Condition Interrupt Enable">
                    <option name="disabled" alias="disabled" value="0x0"/>
                    <option name="enabled" alias="enabled" value="0x1"/>
                </setting>
                <setting alias="ACKTIM" default="ackseq" name="ACKTIM" mask="0x80" type="R,W" porDefault="0x0" description="Acknowledge Time Status bit (I2C Slave mode only)">
                    <option name="ackseq" alias="ackseq" value="0x0"/>
                    <option name="no_ackseq" alias="no_ackseq" value="0x1"/>
                </setting>
            </register>
            <register alias="SSPMSK" name="SSP1MSK" type="R,W" width="8">
                <setting alias="SSPMSK" default="0xff" name="SSPMSK" mask="0xff" type="R,W" porDefault="0xff"/>
            </register>
            <register alias="SSPBUF" name="SSP1BUF" type="R,W" width="8">
                <setting alias="SSPBUF" default="0x0" name="SSPBUF" mask="0xff" type="R,W" porDefault="0x0"/>
            </register>
            <register alias="SSPADD" name="SSP1ADD" type="R,W" width="8">
                <setting alias="SSPADD" default="0x1" name="SSPADD" mask="0xff" type="R,W" porDefault="0x0" description="Address or Divider bits"/>
            </register>
        </module>
        <module group="Memory" name="MEMORY" type="nvm" version="v1" sub_version="" instance="">
            <register alias="PMADRL" name="PMADRL" type="R,W" width="8">
                <setting alias="PMADRL" default="0x0" name="PMADRL" mask="0xff" type="R,W" porDefault="0x0"/>
            </register>
            <register alias="PMADRH" name="PMADRH" type="R,W" width="8">
                <setting alias="PMADRH" default="0x0" name="PMADRH" mask="0x7f" type="R,W" porDefault="0x0"/>
            </register>
            <register alias="PMDATL" name="PMDATL" type="R,W" width="8">
                <setting alias="PMDATL" default="0x0" name="PMDATL" mask="0xff" type="R,W" porDefault="0x0"/>
            </register>
            <register alias="PMDATH" name="PMDATH" type="R,W" width="8">
                <setting alias="PMDATH" default="0x0" name="PMDATH" mask="0x3f" type="R,W" porDefault="0x0"/>
            </register>
            <register alias="PMCON1" name="PMCON1" type="R,W" width="8">
                <setting alias="RD" default="do_not_initiate_read" name="RD" mask="0x1" type="W" porDefault="0x0">
                    <option name="do_not_initiate_read" alias="do_not_initiate_read" value="0x0"/>
                    <option name="initiate_read" alias="initiate_read" value="0x1"/>
                </setting>
                <setting alias="WR" default="write_complete" name="WR" mask="0x2" type="W" porDefault="0x0">
                    <option name="write_complete" alias="write_complete" value="0x0"/>
                    <option name="initiate_write" alias="initiate_write" value="0x1"/>
                </setting>
                <setting alias="WREN" default="disabled" name="WREN" mask="0x4" type="R,W" porDefault="0x0">
                    <option name="disabled" alias="disabled" value="0x0"/>
                    <option name="enabled" alias="enabled" value="0x1"/>
                </setting>
                <setting alias="WRERR" default="normal_completion" name="WRERR" mask="0x8" type="R,W" porDefault="0x0">
                    <option name="normal_completion" alias="normal_completion" value="0x0"/>
                    <option name="program_error" alias="program_error" value="0x1"/>
                </setting>
                <setting alias="FREE" default="write" name="FREE" mask="0x10" type="R,W" porDefault="0x0">
                    <option name="write" alias="write" value="0x0"/>
                    <option name="erase" alias="erase" value="0x1"/>
                </setting>
                <setting alias="LWLO" default="load_latch_write" name="LWLO" mask="0x20" type="R,W" porDefault="0x0">
                    <option name="load_latch_write" alias="load_latch_write" value="0x0"/>
                    <option name="load_latch_only" alias="load_latch_only" value="0x1"/>
                </setting>
                <setting alias="CFGS" default="flash_eeprom" name="CFGS" mask="0x40" type="R,W" porDefault="0x0">
                    <option name="flash_eeprom" alias="flash_eeprom" value="0x0"/>
                    <option name="userid_deviceid" alias="userid_deviceid" value="0x1"/>
                </setting>
            </register>
            <register alias="PMCON2" name="PMCON2" type="W" width="8">
                <setting alias="PMCON2" default="0x0" name="PMCON2" mask="0xff" type="W" porDefault="0x0"/>
            </register>
            <property name="WRITE_FLASH_BLOCKSIZE" value="16"/>
            <property name="ERASE_FLASH_BLOCKSIZE" value="16"/>
            <property name="END_FLASH" value="0x800"/>
            <property name="EEPROM_SIZE" value="0"/>
        </module>
        <module group="Timer" name="TMR0" type="tmr_0" version="v0" sub_version="" instance="0">
            <interrupt name="TMRI" flag="INTCONbits.TMR0IF" enable="INTCONbits.TMR0IE"/>
            <register alias="OPTION_REG" name="OPTION_REG" type="R,W" width="8">
                <setting alias="PS" default="1:256" name="PS" mask="0x7" type="R,W" porDefault="0x7">
                    <option name="1:2" alias="1:2" value="0x0"/>
                    <option name="1:4" alias="1:4" value="0x1"/>
                    <option name="1:8" alias="1:8" value="0x2"/>
                    <option name="1:16" alias="1:16" value="0x3"/>
                    <option name="1:32" alias="1:32" value="0x4"/>
                    <option name="1:64" alias="1:64" value="0x5"/>
                    <option name="1:128" alias="1:128" value="0x6"/>
                    <option name="1:256" alias="1:256" value="0x7"/>
                </setting>
                <setting alias="PSA" default="not_assigned" name="PSA" mask="0x8" type="R,W" porDefault="0x1">
                    <option name="assigned" alias="assigned" value="0x0"/>
                    <option name="not_assigned" alias="not_assigned" value="0x1"/>
                </setting>
                <setting alias="TMRSE" default="Increment_hi_lo" name="TMR0SE" mask="0x10" type="R,W" porDefault="0x1">
                    <option name="Increment_lo_hi" alias="Increment_lo_hi" value="0x0"/>
                    <option name="Increment_hi_lo" alias="Increment_hi_lo" value="0x1"/>
                </setting>
                <setting alias="TMRCS" default="T0CKI" name="TMR0CS" mask="0x20" type="R,W" porDefault="0x1">
                    <option name="FOSC/4" alias="FOSC/4" value="0x0"/>
                    <option name="T0CKI" alias="T0CKI" value="0x1"/>
                </setting>
                <setting alias="INTEDG" default="rising" name="INTEDG" mask="0x40" type="R,W" porDefault="0x1">
                    <option name="falling" alias="falling" value="0x0"/>
                    <option name="rising" alias="rising" value="0x1"/>
                </setting>
                <setting alias="nWPUEN" default="disabled" name="nWPUEN" mask="0x80" type="R,W" porDefault="0x1">
                    <option name="enabled" alias="enabled" value="0x0"/>
                    <option name="disabled" alias="disabled" value="0x1"/>
                </setting>
            </register>
            <register alias="TMR" name="TMR0" type="R,W" width="8">
                <setting alias="TMR" default="0x0" name="TMR0" mask="0xff" type="R,W" porDefault="0x0"/>
            </register>
        </module>
        <module group="FVR" name="FVR" type="vref_bandgap_0buf" version="v20" sub_version="c0" instance="">
            <register alias="FVRCON" name="FVRCON" type="R,W" width="8">
                <setting alias="ADFVR" default="off" name="ADFVR" mask="0x3" type="R,W" porDefault="0x0">
                    <option name="off" alias="off" value="0x0"/>
                    <option name="1x" alias="1x" value="0x1"/>
                    <option name="2x" alias="2x" value="0x2"/>
                    <option name="4x" alias="4x" value="0x3"/>
                </setting>
                <setting alias="TSRNG" default="Lo_range" name="TSRNG" mask="0x10" type="R,W" porDefault="0x0">
                    <option name="Lo_range" alias="Lo_range" value="0x0"/>
                    <option name="Hi_range" alias="Hi_range" value="0x1"/>
                </setting>
                <setting alias="TSEN" default="disabled" name="TSEN" mask="0x20" type="R,W" porDefault="0x0">
                    <option name="disabled" alias="disabled" value="0x0"/>
                    <option name="enabled" alias="enabled" value="0x1"/>
                </setting>
                <setting alias="FVRRDY" default="disabled" name="FVRRDY" mask="0x40" type="R" porDefault="0x0">
                    <option name="disabled" alias="disabled" value="0x0"/>
                    <option name="enabled" alias="enabled" value="0x1"/>
                </setting>
                <setting alias="FVREN" default="disabled" name="FVREN" mask="0x80" type="R,W" porDefault="0x0">
                    <option name="disabled" alias="disabled" value="0x0"/>
                    <option name="enabled" alias="enabled" value="0x1"/>
                </setting>
            </register>
        </module>
    </modules>
    <manager name="Interrupt Manager">
        <modules>
            <module group="INT" name="INT" type="int_8bit" version="v0" sub_version="a0" instance="">
                <register alias="INTCON" name="INTCON" type="R,W" width="8">
                    <setting alias="INTF" default="no_interrupt" name="INTF" mask="0x2" type="R,W" porDefault="0x0" description="INT External Interrupt Flag">
                        <option name="no_interrupt" alias="no_interrupt" value="0x0"/>
                        <option name="interrupt_occurred" alias="interrupt_occurred" value="0x1"/>
                    </setting>
                    <setting alias="INTE" default="disabled" name="INTE" mask="0x10" type="R,W" porDefault="0x0" description="INT External Interrupt Enable">
                        <option name="disabled" alias="disabled" value="0x0"/>
                        <option name="enabled" alias="enabled" value="0x1"/>
                    </setting>
                    <setting alias="PEIE" default="disabled" name="PEIE" mask="0x40" type="R,W" porDefault="0x0" description="Peripheral Interrupt Enable">
                        <option name="disabled" alias="disabled" value="0x0"/>
                        <option name="enabled" alias="enabled" value="0x1"/>
                    </setting>
                    <setting alias="GIE" default="disabled" name="GIE" mask="0x80" type="R,W" porDefault="0x0" description="Global Interrupt Enable">
                        <option name="disabled" alias="disabled" value="0x0"/>
                        <option name="enabled" alias="enabled" value="0x1"/>
                    </setting>
                </register>
                <register alias="OPTION_REG" name="OPTION_REG" type="R,W" width="8">
                    <setting alias="INTEDG" default="rising_edge" name="INTEDG" mask="0x40" type="R,W" porDefault="0x1" description="INT Interrupt Edge Select bit">
                        <option name="falling_edge" alias="falling_edge" value="0x0"/>
                        <option name="rising_edge" alias="rising_edge" value="0x1"/>
                    </setting>
                </register>
            </module>
        </modules>
    </manager>
</device>
