<?xml version="1.0" encoding="UTF-8" standalone="yes"?>
<device xmlns:xsi="http://www.w3.org/2001/XMLSchema-instance" dosid="01402" id="" name="PIC16F1512" rev="" xsi:noNamespaceSchemaLocation="PCG.xsd">
    <manager name="System Module">
        <register alias="CONFIG1" name="CONFIG1" width="0x10">
            <setting alias="FOSC" default="ECH" name="FOSC" description="Oscillator Selection">
                <option description="ECH, External Clock, High Power Mode (4-20 MHz): device clock supplied to CLKIN pin" name="ECH" alias="ECH" value="0x7"/>
                <option description="ECM, External Clock, Medium Power Mode (0.5-4 MHz): device clock supplied to CLKIN pin" name="ECM" alias="ECM" value="0x6"/>
                <option description="ECL, External Clock, Low Power Mode (0-0.5 MHz): device clock supplied to CLKIN pin" name="ECL" alias="ECL" value="0x5"/>
                <option description="INTOSC oscillator: I/O function on CLKIN pin" name="INTOSC" alias="INTOSC" value="0x4"/>
                <option description="EXTRC oscillator: External RC circuit connected to CLKIN pin" name="EXTRC" alias="EXTRC" value="0x3"/>
                <option description="HS Oscillator, High-speed crystal/resonator connected between OSC1 and OSC2 pins" name="HS" alias="HS" value="0x2"/>
                <option description="XT Oscillator, Crystal/resonator connected between OSC1 and OSC2 pins" name="XT" alias="XT" value="0x1"/>
                <option description="LP Oscillator, Low-power crystal connected between OSC1 and OSC2 pins" name="LP" alias="LP" value="0x0"/>
            </setting>
            <setting alias="WDTE" default="ON" name="WDTE" description="Watchdog Timer Enable">
                <option description="WDT enabled" name="ON" alias="ON" value="0x18"/>
                <option description="WDT enabled while running and disabled in Sleep" name="NSLEEP" alias="NSLEEP" value="0x10"/>
                <option description="WDT controlled by the SWDTEN bit in the WDTCON register" name="SWDTEN" alias="SWDTEN" value="0x8"/>
                <option description="WDT disabled" name="OFF" alias="OFF" value="0x0"/>
            </setting>
            <setting alias="PWRTE" default="OFF" name="PWRTE" description="Power-up Timer Enable">
                <option description="PWRT disabled" name="OFF" alias="OFF" value="0x20"/>
                <option description="PWRT enabled" name="ON" alias="ON" value="0x0"/>
            </setting>
            <setting alias="MCLRE" default="ON" name="MCLRE" description="MCLR Pin Function Select">
                <option description="MCLR/VPP pin function is MCLR" name="ON" alias="ON" value="0x40"/>
                <option description="MCLR/VPP pin function is digital input" name="OFF" alias="OFF" value="0x0"/>
            </setting>
            <setting alias="CP" default="OFF" name="CP" description="Flash Program Memory Code Protection">
                <option description="Program memory code protection is disabled" name="OFF" alias="OFF" value="0x80"/>
                <option description="Program memory code protection is enabled" name="ON" alias="ON" value="0x0"/>
            </setting>
            <setting alias="BOREN" default="ON" name="BOREN" description="Brown-out Reset Enable">
                <option description="Brown-out Reset enabled" name="ON" alias="ON" value="0x600"/>
                <option description="Brown-out Reset enabled while running and disabled in Sleep" name="NSLEEP" alias="NSLEEP" value="0x400"/>
                <option description="Brown-out Reset controlled by the SBOREN bit in the BORCON register" name="SBODEN" alias="SBODEN" value="0x200"/>
                <option description="Brown-out Reset disabled" name="OFF" alias="OFF" value="0x0"/>
            </setting>
            <setting alias="CLKOUTEN" default="OFF" name="CLKOUTEN" description="Clock Out Enable">
                <option description="CLKOUT function is disabled. I/O or oscillator function on the CLKOUT pin" name="OFF" alias="OFF" value="0x800"/>
                <option description="CLKOUT function is enabled on the CLKOUT pin" name="ON" alias="ON" value="0x0"/>
            </setting>
            <setting alias="IESO" default="ON" name="IESO" description="Internal/External Switchover">
                <option description="Internal/External Switchover mode is enabled" name="ON" alias="ON" value="0x1000"/>
                <option description="Internal/External Switchover mode is disabled" name="OFF" alias="OFF" value="0x0"/>
            </setting>
            <setting alias="FCMEN" default="ON" name="FCMEN" description="Fail-Safe Clock Monitor Enable">
                <option description="Fail-Safe Clock Monitor is enabled" name="ON" alias="ON" value="0x2000"/>
                <option description="Fail-Safe Clock Monitor is disabled" name="OFF" alias="OFF" value="0x0"/>
            </setting>
        </register>
        <register alias="CONFIG2" name="CONFIG2" width="0x10">
            <setting alias="WRT" default="OFF" name="WRT" description="Flash Memory Self-Write Protection">
                <option description="Write protection off" name="OFF" alias="OFF" value="0x3"/>
                <option description="000h to 1FFh write protected, 200h to 1FFFh may be modified by EECON control" name="BOOT" alias="BOOT" value="0x2"/>
                <option description="000h to FFFh write protected, 1000h to 1FFFh may be modified by EECON control" name="HALF" alias="HALF" value="0x1"/>
                <option description="000h to 1FFFh write protected, no addresses may be modified by EECON control" name="ALL" alias="ALL" value="0x0"/>
            </setting>
            <setting alias="VCAPEN" default="OFF" name="VCAPEN" description="Voltage Regulator Capacitor Enable bit">
                <option description="VCAP pin function disabled" name="OFF" alias="OFF" value="0x10"/>
                <option description="VCAP pin function enabled" name="ON" alias="ON" value="0x0"/>
            </setting>
            <setting alias="STVREN" default="ON" name="STVREN" description="Stack Overflow/Underflow Reset Enable">
                <option description="Stack Overflow or Underflow will cause a Reset" name="ON" alias="ON" value="0x200"/>
                <option description="Stack Overflow or Underflow will not cause a Reset" name="OFF" alias="OFF" value="0x0"/>
            </setting>
            <setting alias="BORV" default="LO" name="BORV" description="Brown-out Reset Voltage Selection">
                <option description="Brown-out Reset Voltage (Vbor), low trip point selected." name="LO" alias="LO" value="0x400"/>
                <option description="Brown-out Reset Voltage (Vbor), high trip point selected." name="HI" alias="HI" value="0x0"/>
            </setting>
            <setting alias="LPBOR" default="OFF" name="LPBOR" description="Low-Power Brown Out Reset">
                <option description="Low-Power BOR is disabled" name="OFF" alias="OFF" value="0x800"/>
                <option description="Low-Power BOR is enabled" name="ON" alias="ON" value="0x0"/>
            </setting>
            <setting alias="LVP" default="ON" name="LVP" description="Low-Voltage Programming Enable">
                <option description="Low-voltage programming enabled" name="ON" alias="ON" value="0x2000"/>
                <option description="High-voltage on MCLR/VPP must be used for programming" name="OFF" alias="OFF" value="0x0"/>
            </setting>
        </register>
        <modules>
            <module group="Internal Oscillator" name="INTERNAL OSCILLATOR" type="osc" version="v0" sub_version="a0" instance="">
                <property name="PLLType" value="NONE"/>
                <property name="freqMaxEC" value="20000000"/>
                <property name="freqMaxHS" value="20000000"/>
                <register alias="OSCCON" name="OSCCON" type="R,W" width="8">
                    <setting alias="IRCF" default="500KHz_MF" name="IRCF" mask="0x78" type="R,W" porDefault="0x7">
                        <option name="16MHz_HF" alias="16MHz_HF" value="0xf"/>
                        <option name="8MHz_HF" alias="8MHz_HF" value="0xe"/>
                        <option name="4MHz_HF" alias="4MHz_HF" value="0xd"/>
                        <option name="2MHz_HF" alias="2MHz_HF" value="0xc"/>
                        <option name="1MHz_HF" alias="1MHz_HF" value="0xb"/>
                        <option name="500KHz_HF" alias="500KHz_HF" value="0xa"/>
                        <option name="250KHz_HF" alias="250KHz_HF" value="0x9"/>
                        <option name="125KHz_HF" alias="125KHz_HF" value="0x8"/>
                        <option name="500KHz_MF" alias="500KHz_MF" value="0x7"/>
                        <option name="250KHz_MF" alias="250KHz_MF" value="0x6"/>
                        <option name="125KHz_MF" alias="125KHz_MF" value="0x5"/>
                        <option name="62.5KHz_MF" alias="62.5KHz_MF" value="0x4"/>
                        <option name="31.25KHz_HF" alias="31.25KHz_HF" value="0x3"/>
                        <option name="31.25KHz_MF" alias="31.25KHz_MF" value="0x2"/>
                        <option name="31KHz_LF" alias="31KHz_LF" value="0x0"/>
                    </setting>
                    <setting alias="SCS" default="FOSC" name="SCS" mask="0x3" type="R,W" porDefault="0x0">
                        <option name="INTOSC" alias="INTOSC" value="0x2"/>
                        <option name="Timer1" alias="Timer1" value="0x1"/>
                        <option name="FOSC" alias="FOSC" value="0x0"/>
                    </setting>
                </register>
                <register alias="OSCSTAT" name="OSCSTAT" type="R" width="8">
                    <setting alias="OSTS" default="intosc" name="OSTS" mask="0x20" type="R" porDefault="0x0">
                        <option name="intosc" alias="intosc" value="0x0"/>
                        <option name="clock" alias="clock" value="0x1"/>
                    </setting>
                    <setting alias="HFIOFR" default="disabled" name="HFIOFR" mask="0x10" type="R" porDefault="0x0">
                        <option name="disabled" alias="disabled" value="0x0"/>
                        <option name="enabled" alias="enabled" value="0x1"/>
                    </setting>
                    <setting alias="LFIOFR" default="disabled" name="LFIOFR" mask="0x2" type="R" porDefault="0x0">
                        <option name="disabled" alias="disabled" value="0x0"/>
                        <option name="enabled" alias="enabled" value="0x1"/>
                    </setting>
                    <setting alias="HFIOFS" default="not stable" name="HFIOFS" mask="0x1" type="R" porDefault="0x0">
                        <option name="not stable" alias="not stable" value="0x0"/>
                        <option name="stable" alias="stable" value="0x1"/>
                    </setting>
                </register>
                <register alias="BORCON" name="BORCON" type="R,W" width="8">
                    <setting alias="SBOREN" default="disabled" name="SBOREN" mask="0x80" type="R,W" porDefault="0x1">
                        <option name="disabled" alias="disabled" value="0x0"/>
                        <option name="enabled" alias="enabled" value="0x1"/>
                    </setting>
                    <setting alias="BORFS" default="disabled" name="BORFS" mask="0x40" type="R,W" porDefault="0x0">
                        <option name="disabled" alias="disabled" value="0x0"/>
                        <option name="enabled" alias="enabled" value="0x1"/>
                    </setting>
                    <setting alias="BORRDY" default="BOR Circuit is inactive" name="BORRDY" mask="0x1" type="R" porDefault="0x0">
                        <option name="BOR Circuit is active" alias="BOR Circuit is active" value="0x1"/>
                        <option name="BOR Circuit is inactive" alias="BOR Circuit is inactive" value="0x0"/>
                    </setting>
                </register>
            </module>
            <module group="WDT" name="WDT" type="wdt" version="v0" sub_version="a0" instance="">
                <register alias="WDTCON0" name="WDTCON" type="R,W" width="8">
                    <setting alias="WDTSEN" default="OFF" name="SWDTEN" mask="0x1" type="R,W" porDefault="0x0">
                        <option name="OFF" alias="OFF" value="0x0"/>
                        <option name="ON" alias="ON" value="0x1"/>
                    </setting>
                    <setting alias="WDTPS" default="1:65536" name="WDTPS" mask="0x3e" type="R,W" porDefault="0xb">
                        <option name="1:32" alias="1:32" value="0x0"/>
                        <option name="1:64" alias="1:64" value="0x1"/>
                        <option name="1:128" alias="1:128" value="0x2"/>
                        <option name="1:256" alias="1:256" value="0x3"/>
                        <option name="1:512" alias="1:512" value="0x4"/>
                        <option name="1:1024" alias="1:1024" value="0x5"/>
                        <option name="1:2048" alias="1:2048" value="0x6"/>
                        <option name="1:4096" alias="1:4096" value="0x7"/>
                        <option name="1:8192" alias="1:8192" value="0x8"/>
                        <option name="1:16384" alias="1:16384" value="0x9"/>
                        <option name="1:32768" alias="1:32768" value="0xa"/>
                        <option name="1:65536" alias="1:65536" value="0xb"/>
                        <option name="1:131072" alias="1:131072" value="0xc"/>
                        <option name="1:262144" alias="1:262144" value="0xd"/>
                        <option name="1:524288" alias="1:524288" value="0xe"/>
                        <option name="1:1048576" alias="1:1048576" value="0xf"/>
                        <option name="1:2097152" alias="1:2097152" value="0x10"/>
                        <option name="1:4194304" alias="1:4194304" value="0x11"/>
                        <option name="1:8388608" alias="1:8388608" value="0x12"/>
                    </setting>
                </register>
            </module>
            <module group="RESET" name="RESET" type="rst_sib" version="v0" sub_version="a0" instance=""/>
        </modules>
    </manager>
    <pins>
        <pin name="RE3" wpu="WPUE3">
            <pinNumber package="UQFN28" value="26"/>
            <pinNumber package="SSOP28" value="1"/>
            <pinNumber package="SOIC28" value="1"/>
            <pinNumber package="PDIP28" value="1"/>
            <pinAlias alias="RE3" module="GPIO"/>
            <pinAlias alias="MCLR" module="RESET">
                <constraint name="configBit" type="lock">
                    <constraintVariable name="MCLRE" value="ON"/>
                </constraint>
            </pinAlias>
            <pinAlias alias="VPP" module="POWER"/>
        </pin>
        <pin ansel="ANSA0" lat="LATA0" name="RA0" tris="TRISA0">
            <pinNumber package="UQFN28" value="27"/>
            <pinNumber package="SSOP28" value="2"/>
            <pinNumber package="SOIC28" value="2"/>
            <pinNumber package="PDIP28" value="2"/>
            <pinAlias alias="RA0" module="GPIO"/>
            <pinAlias alias="AN0" module="ADC"/>
            <pinAlias alias="SS" module="MSSP">
                <constraint name="configBit" type="APFCON">
                    <constraintVariable name="SSSEL" value="RA0"/>
                </constraint>
            </pinAlias>
        </pin>
        <pin ansel="ANSA1" lat="LATA1" name="RA1" tris="TRISA1">
            <pinNumber package="UQFN28" value="28"/>
            <pinNumber package="SSOP28" value="3"/>
            <pinNumber package="SOIC28" value="3"/>
            <pinNumber package="PDIP28" value="3"/>
            <pinAlias alias="RA1" module="GPIO"/>
            <pinAlias alias="AN1" module="ADC"/>
        </pin>
        <pin ansel="ANSA2" lat="LATA2" name="RA2" tris="TRISA2">
            <pinNumber package="UQFN28" value="1"/>
            <pinNumber package="SSOP28" value="4"/>
            <pinNumber package="SOIC28" value="4"/>
            <pinNumber package="PDIP28" value="4"/>
            <pinAlias alias="RA2" module="GPIO"/>
            <pinAlias alias="AN2" module="ADC"/>
        </pin>
        <pin ansel="ANSA3" lat="LATA3" name="RA3" tris="TRISA3">
            <pinNumber package="UQFN28" value="2"/>
            <pinNumber package="SSOP28" value="5"/>
            <pinNumber package="SOIC28" value="5"/>
            <pinNumber package="PDIP28" value="5"/>
            <pinAlias alias="RA3" module="GPIO"/>
            <pinAlias alias="AN3" module="ADC"/>
            <pinAlias alias="VREF+" module="ADC"/>
        </pin>
        <pin lat="LATA4" name="RA4" tris="TRISA4">
            <pinNumber package="UQFN28" value="3"/>
            <pinNumber package="SSOP28" value="6"/>
            <pinNumber package="SOIC28" value="6"/>
            <pinNumber package="PDIP28" value="6"/>
            <pinAlias alias="RA4" module="GPIO"/>
            <pinAlias alias="T0CKI" module="TMR0"/>
        </pin>
        <pin ansel="ANSA5" lat="LATA5" name="RA5" tris="TRISA5">
            <pinNumber package="UQFN28" value="4"/>
            <pinNumber package="SSOP28" value="7"/>
            <pinNumber package="SOIC28" value="7"/>
            <pinNumber package="PDIP28" value="7"/>
            <pinAlias alias="RA5" module="GPIO"/>
            <pinAlias alias="AN4" module="ADC"/>
            <pinAlias alias="SS" module="MSSP">
                <constraint name="configBit" type="APFCON">
                    <constraintVariable name="SSSEL" value="RA5"/>
                </constraint>
            </pinAlias>
            <pinAlias alias="VCAP" module="RESET">
                <constraint name="configBit" type="lock">
                    <constraintVariable name="VCAPEN" value="ON"/>
                </constraint>
            </pinAlias>
        </pin>
        <pin name="VSS">
            <pinNumber package="UQFN28" value="5"/>
            <pinNumber package="SSOP28" value="8"/>
            <pinNumber package="SOIC28" value="8"/>
            <pinNumber package="PDIP28" value="8"/>
            <pinAlias alias="VSS" module="POWER"/>
        </pin>
        <pin lat="LATA7" name="RA7" tris="TRISA7">
            <pinNumber package="UQFN28" value="6"/>
            <pinNumber package="SSOP28" value="9"/>
            <pinNumber package="SOIC28" value="9"/>
            <pinNumber package="PDIP28" value="9"/>
            <pinAlias alias="RA7" module="GPIO"/>
            <pinAlias alias="OSC1" module="INTERNAL OSCILLATOR">
                <constraint name="configBit" type="lock">
                    <constraintVariable name="FOSC" value="HS"/>
                </constraint>
            </pinAlias>
            <pinAlias alias="CLKIN" module="INTERNAL OSCILLATOR">
                <constraint name="configBit" type="lock">
                    <constraintVariable name="FOSC" value="ECH"/>
                </constraint>
            </pinAlias>
            <pinAlias alias="CLKIN" module="INTERNAL OSCILLATOR">
                <constraint name="configBit" type="lock">
                    <constraintVariable name="FOSC" value="ECM"/>
                </constraint>
            </pinAlias>
            <pinAlias alias="CLKIN" module="INTERNAL OSCILLATOR">
                <constraint name="configBit" type="lock">
                    <constraintVariable name="FOSC" value="ECL"/>
                </constraint>
            </pinAlias>
            <pinAlias alias="CLKIN" module="INTERNAL OSCILLATOR">
                <constraint name="configBit" type="lock">
                    <constraintVariable name="FOSC" value="EXTRC"/>
                </constraint>
            </pinAlias>
            <pinAlias alias="OSC1" module="INTERNAL OSCILLATOR">
                <constraint name="configBit" type="lock">
                    <constraintVariable name="FOSC" value="XT"/>
                </constraint>
            </pinAlias>
            <pinAlias alias="OSC1" module="INTERNAL OSCILLATOR">
                <constraint name="configBit" type="lock">
                    <constraintVariable name="FOSC" value="LP"/>
                </constraint>
            </pinAlias>
        </pin>
        <pin lat="LATA6" name="RA6" tris="TRISA6">
            <pinNumber package="UQFN28" value="7"/>
            <pinNumber package="SSOP28" value="10"/>
            <pinNumber package="SOIC28" value="10"/>
            <pinNumber package="PDIP28" value="10"/>
            <pinAlias alias="RA6" module="GPIO"/>
            <pinAlias alias="OSC2" module="INTERNAL OSCILLATOR">
                <constraint name="configBit" type="lock">
                    <constraintVariable name="FOSC" value="HS"/>
                </constraint>
            </pinAlias>
            <pinAlias alias="CLKOUT" module="INTERNAL OSCILLATOR">
                <constraint name="configBit" type="lock">
                    <constraintVariable name="CLKOUTEN" value="ON"/>
                </constraint>
            </pinAlias>
            <pinAlias alias="OSC2" module="INTERNAL OSCILLATOR">
                <constraint name="configBit" type="lock">
                    <constraintVariable name="FOSC" value="XT"/>
                </constraint>
            </pinAlias>
            <pinAlias alias="OSC2" module="INTERNAL OSCILLATOR">
                <constraint name="configBit" type="lock">
                    <constraintVariable name="FOSC" value="LP"/>
                </constraint>
            </pinAlias>
        </pin>
        <pin lat="LATC0" name="RC0" tris="TRISC0">
            <pinNumber package="UQFN28" value="8"/>
            <pinNumber package="SSOP28" value="11"/>
            <pinNumber package="SOIC28" value="11"/>
            <pinNumber package="PDIP28" value="11"/>
            <pinAlias alias="RC0" module="GPIO"/>
            <pinAlias alias="SOSCO" module="INTERNAL OSCILLATOR"/>
            <pinAlias alias="T1CKI" module="TMR1"/>
        </pin>
        <pin lat="LATC1" name="RC1" tris="TRISC1">
            <pinNumber package="UQFN28" value="9"/>
            <pinNumber package="SSOP28" value="12"/>
            <pinNumber package="SOIC28" value="12"/>
            <pinNumber package="PDIP28" value="12"/>
            <pinAlias alias="RC1" module="GPIO"/>
            <pinAlias alias="SOSCI" module="INTERNAL OSCILLATOR"/>
            <pinAlias alias="CCP2" module="CCP2">
                <constraint name="configBit" type="APFCON">
                    <constraintVariable name="CCP2SEL" value="RC1"/>
                </constraint>
            </pinAlias>
        </pin>
        <pin ansel="ANSC2" lat="LATC2" name="RC2" tris="TRISC2">
            <pinNumber package="UQFN28" value="10"/>
            <pinNumber package="SSOP28" value="13"/>
            <pinNumber package="SOIC28" value="13"/>
            <pinNumber package="PDIP28" value="13"/>
            <pinAlias alias="RC2" module="GPIO"/>
            <pinAlias alias="AN14" module="ADC"/>
            <pinAlias alias="CCP1" module="CCP1"/>
        </pin>
        <pin ansel="ANSC3" lat="LATC3" name="RC3" tris="TRISC3">
            <pinNumber package="UQFN28" value="11"/>
            <pinNumber package="SSOP28" value="14"/>
            <pinNumber package="SOIC28" value="14"/>
            <pinNumber package="PDIP28" value="14"/>
            <pinAlias alias="RC3" module="GPIO"/>
            <pinAlias alias="AN15" module="ADC"/>
            <pinAlias alias="SCK" module="MSSP"/>
            <pinAlias alias="SCL" module="MSSP"/>
        </pin>
        <pin ansel="ANSC4" lat="LATC4" name="RC4" tris="TRISC4">
            <pinNumber package="UQFN28" value="12"/>
            <pinNumber package="SSOP28" value="15"/>
            <pinNumber package="SOIC28" value="15"/>
            <pinNumber package="PDIP28" value="15"/>
            <pinAlias alias="RC4" module="GPIO"/>
            <pinAlias alias="AN16" module="ADC"/>
            <pinAlias alias="SDI" module="MSSP"/>
            <pinAlias alias="SDA" module="MSSP"/>
        </pin>
        <pin ansel="ANSC5" lat="LATC5" name="RC5" tris="TRISC5">
            <pinNumber package="UQFN28" value="13"/>
            <pinNumber package="SSOP28" value="16"/>
            <pinNumber package="SOIC28" value="16"/>
            <pinNumber package="PDIP28" value="16"/>
            <pinAlias alias="RC5" module="GPIO"/>
            <pinAlias alias="AN17" module="ADC"/>
            <pinAlias alias="SDO" module="MSSP"/>
        </pin>
        <pin ansel="ANSC6" lat="LATC6" name="RC6" tris="TRISC6">
            <pinNumber package="UQFN28" value="14"/>
            <pinNumber package="SSOP28" value="17"/>
            <pinNumber package="SOIC28" value="17"/>
            <pinNumber package="PDIP28" value="17"/>
            <pinAlias alias="RC6" module="GPIO"/>
            <pinAlias alias="AN18" module="ADC"/>
            <pinAlias alias="TX" module="EUSART"/>
            <pinAlias alias="CK" module="EUSART"/>
        </pin>
        <pin ansel="ANSC7" lat="LATC7" name="RC7" tris="TRISC7">
            <pinNumber package="UQFN28" value="15"/>
            <pinNumber package="SSOP28" value="18"/>
            <pinNumber package="SOIC28" value="18"/>
            <pinNumber package="PDIP28" value="18"/>
            <pinAlias alias="RC7" module="GPIO"/>
            <pinAlias alias="AN19" module="ADC"/>
            <pinAlias alias="RX" module="EUSART"/>
            <pinAlias alias="DT" module="EUSART"/>
        </pin>
        <pin name="VSS">
            <pinNumber package="UQFN28" value="16"/>
            <pinNumber package="SSOP28" value="19"/>
            <pinNumber package="SOIC28" value="19"/>
            <pinNumber package="PDIP28" value="19"/>
            <pinAlias alias="VSS" module="POWER"/>
        </pin>
        <pin name="VDD">
            <pinNumber package="UQFN28" value="17"/>
            <pinNumber package="SSOP28" value="20"/>
            <pinNumber package="SOIC28" value="20"/>
            <pinNumber package="PDIP28" value="20"/>
            <pinAlias alias="VDD" module="POWER"/>
        </pin>
        <pin ansel="ANSB0" lat="LATB0" name="RB0" tris="TRISB0" wpu="WPUB0" cn="RB0">
            <pinNumber package="UQFN28" value="18"/>
            <pinNumber package="SSOP28" value="21"/>
            <pinNumber package="SOIC28" value="21"/>
            <pinNumber package="PDIP28" value="21"/>
            <pinAlias alias="RB0" module="GPIO"/>
            <pinAlias alias="AN12" module="ADC"/>
            <pinAlias alias="INT" module="EXT_INT"/>
        </pin>
        <pin ansel="ANSB1" lat="LATB1" name="RB1" tris="TRISB1" wpu="WPUB1" cn="RB1">
            <pinNumber package="UQFN28" value="19"/>
            <pinNumber package="SSOP28" value="22"/>
            <pinNumber package="SOIC28" value="22"/>
            <pinNumber package="PDIP28" value="22"/>
            <pinAlias alias="RB1" module="GPIO"/>
            <pinAlias alias="AN10" module="ADC"/>
        </pin>
        <pin ansel="ANSB2" lat="LATB2" name="RB2" tris="TRISB2" wpu="WPUB2" cn="RB2">
            <pinNumber package="UQFN28" value="20"/>
            <pinNumber package="SSOP28" value="23"/>
            <pinNumber package="SOIC28" value="23"/>
            <pinNumber package="PDIP28" value="23"/>
            <pinAlias alias="RB2" module="GPIO"/>
            <pinAlias alias="AN8" module="ADC"/>
        </pin>
        <pin ansel="ANSB3" lat="LATB3" name="RB3" tris="TRISB3" wpu="WPUB3" cn="RB3">
            <pinNumber package="UQFN28" value="21"/>
            <pinNumber package="SSOP28" value="24"/>
            <pinNumber package="SOIC28" value="24"/>
            <pinNumber package="PDIP28" value="24"/>
            <pinAlias alias="RB3" module="GPIO"/>
            <pinAlias alias="AN9" module="ADC"/>
            <pinAlias alias="CCP2" module="CCP2">
                <constraint name="configBit" type="APFCON">
                    <constraintVariable name="CCP2SEL" value="RB3"/>
                </constraint>
            </pinAlias>
        </pin>
        <pin ansel="ANSB4" lat="LATB4" name="RB4" tris="TRISB4" wpu="WPUB4" cn="RB4">
            <pinNumber package="UQFN28" value="22"/>
            <pinNumber package="SSOP28" value="25"/>
            <pinNumber package="SOIC28" value="25"/>
            <pinNumber package="PDIP28" value="25"/>
            <pinAlias alias="RB4" module="GPIO"/>
            <pinAlias alias="AN11" module="ADC"/>
        </pin>
        <pin ansel="ANSB5" lat="LATB5" name="RB5" tris="TRISB5" wpu="WPUB5" cn="RB5">
            <pinNumber package="UQFN28" value="23"/>
            <pinNumber package="SSOP28" value="26"/>
            <pinNumber package="SOIC28" value="26"/>
            <pinNumber package="PDIP28" value="26"/>
            <pinAlias alias="RB5" module="GPIO"/>
            <pinAlias alias="AN13" module="ADC"/>
            <pinAlias alias="T1G" module="TMR1"/>
        </pin>
        <pin lat="LATB6" name="RB6" tris="TRISB6" wpu="WPUB6" cn="RB6">
            <pinNumber package="UQFN28" value="24"/>
            <pinNumber package="SSOP28" value="27"/>
            <pinNumber package="SOIC28" value="27"/>
            <pinNumber package="PDIP28" value="27"/>
            <pinAlias alias="RB6" module="GPIO"/>
            <pinAlias alias="ICSPCLK" module="INTERNAL OSCILLATOR"/>
            <pinAlias alias="ICDCLK" module="INTERNAL OSCILLATOR"/>
        </pin>
        <pin lat="LATB7" name="RB7" tris="TRISB7" wpu="WPUB7" cn="RB7">
            <pinNumber package="UQFN28" value="25"/>
            <pinNumber package="SSOP28" value="28"/>
            <pinNumber package="SOIC28" value="28"/>
            <pinNumber package="PDIP28" value="28"/>
            <pinAlias alias="RB7" module="GPIO"/>
            <pinAlias alias="ICSPDAT" module="INTERNAL OSCILLATOR"/>
            <pinAlias alias="ICDDAT" module="INTERNAL OSCILLATOR"/>
        </pin>
    </pins>
    <manager name="Pin Manager">
        <register alias="ANSELA" name="ANSELA" width="8">
            <setting alias="ANSA0" default="analog" name="ANSA0" mask="0x1">
                <option name="analog" alias="analog" value="0x1"/>
                <option name="digital" alias="digital" value="0x0"/>
            </setting>
            <setting alias="ANSA1" default="analog" name="ANSA1" mask="0x2">
                <option name="analog" alias="analog" value="0x1"/>
                <option name="digital" alias="digital" value="0x0"/>
            </setting>
            <setting alias="ANSA2" default="analog" name="ANSA2" mask="0x4">
                <option name="analog" alias="analog" value="0x1"/>
                <option name="digital" alias="digital" value="0x0"/>
            </setting>
            <setting alias="ANSA3" default="analog" name="ANSA3" mask="0x8">
                <option name="analog" alias="analog" value="0x1"/>
                <option name="digital" alias="digital" value="0x0"/>
            </setting>
            <setting alias="ANSA5" default="analog" name="ANSA5" mask="0x20">
                <option name="analog" alias="analog" value="0x1"/>
                <option name="digital" alias="digital" value="0x0"/>
            </setting>
        </register>
        <register alias="ANSELB" name="ANSELB" width="8">
            <setting alias="ANSB0" default="analog" name="ANSB0" mask="0x1">
                <option name="analog" alias="analog" value="0x1"/>
                <option name="digital" alias="digital" value="0x0"/>
            </setting>
            <setting alias="ANSB1" default="analog" name="ANSB1" mask="0x2">
                <option name="analog" alias="analog" value="0x1"/>
                <option name="digital" alias="digital" value="0x0"/>
            </setting>
            <setting alias="ANSB2" default="analog" name="ANSB2" mask="0x4">
                <option name="analog" alias="analog" value="0x1"/>
                <option name="digital" alias="digital" value="0x0"/>
            </setting>
            <setting alias="ANSB3" default="analog" name="ANSB3" mask="0x8">
                <option name="analog" alias="analog" value="0x1"/>
                <option name="digital" alias="digital" value="0x0"/>
            </setting>
            <setting alias="ANSB4" default="analog" name="ANSB4" mask="0x10">
                <option name="analog" alias="analog" value="0x1"/>
                <option name="digital" alias="digital" value="0x0"/>
            </setting>
            <setting alias="ANSB5" default="analog" name="ANSB5" mask="0x20">
                <option name="analog" alias="analog" value="0x1"/>
                <option name="digital" alias="digital" value="0x0"/>
            </setting>
        </register>
        <register alias="ANSELC" name="ANSELC" width="8">
            <setting alias="ANSC2" default="analog" name="ANSC2" mask="0x4">
                <option name="analog" alias="analog" value="0x1"/>
                <option name="digital" alias="digital" value="0x0"/>
            </setting>
            <setting alias="ANSC3" default="analog" name="ANSC3" mask="0x8">
                <option name="analog" alias="analog" value="0x1"/>
                <option name="digital" alias="digital" value="0x0"/>
            </setting>
            <setting alias="ANSC4" default="analog" name="ANSC4" mask="0x10">
                <option name="analog" alias="analog" value="0x1"/>
                <option name="digital" alias="digital" value="0x0"/>
            </setting>
            <setting alias="ANSC5" default="analog" name="ANSC5" mask="0x20">
                <option name="analog" alias="analog" value="0x1"/>
                <option name="digital" alias="digital" value="0x0"/>
            </setting>
            <setting alias="ANSC6" default="analog" name="ANSC6" mask="0x40">
                <option name="analog" alias="analog" value="0x1"/>
                <option name="digital" alias="digital" value="0x0"/>
            </setting>
            <setting alias="ANSC7" default="analog" name="ANSC7" mask="0x80">
                <option name="analog" alias="analog" value="0x1"/>
                <option name="digital" alias="digital" value="0x0"/>
            </setting>
        </register>
        <register alias="IOCBP" name="IOCBP" width="8">
            <setting alias="IOCBP0" default="disabled" name="IOCBP0" mask="0x1">
                <option name="enabled" alias="enabled" value="0x1"/>
                <option name="disabled" alias="disabled" value="0x0"/>
            </setting>
            <setting alias="IOCBP1" default="disabled" name="IOCBP1" mask="0x2">
                <option name="enabled" alias="enabled" value="0x1"/>
                <option name="disabled" alias="disabled" value="0x0"/>
            </setting>
            <setting alias="IOCBP2" default="disabled" name="IOCBP2" mask="0x4">
                <option name="enabled" alias="enabled" value="0x1"/>
                <option name="disabled" alias="disabled" value="0x0"/>
            </setting>
            <setting alias="IOCBP3" default="disabled" name="IOCBP3" mask="0x8">
                <option name="enabled" alias="enabled" value="0x1"/>
                <option name="disabled" alias="disabled" value="0x0"/>
            </setting>
            <setting alias="IOCBP4" default="disabled" name="IOCBP4" mask="0x10">
                <option name="enabled" alias="enabled" value="0x1"/>
                <option name="disabled" alias="disabled" value="0x0"/>
            </setting>
            <setting alias="IOCBP5" default="disabled" name="IOCBP5" mask="0x20">
                <option name="enabled" alias="enabled" value="0x1"/>
                <option name="disabled" alias="disabled" value="0x0"/>
            </setting>
            <setting alias="IOCBP6" default="disabled" name="IOCBP6" mask="0x40">
                <option name="enabled" alias="enabled" value="0x1"/>
                <option name="disabled" alias="disabled" value="0x0"/>
            </setting>
            <setting alias="IOCBP7" default="disabled" name="IOCBP7" mask="0x80">
                <option name="enabled" alias="enabled" value="0x1"/>
                <option name="disabled" alias="disabled" value="0x0"/>
            </setting>
        </register>
        <register alias="IOCBN" name="IOCBN" width="8">
            <setting alias="IOCBN0" default="disabled" name="IOCBN0" mask="0x1">
                <option name="enabled" alias="enabled" value="0x1"/>
                <option name="disabled" alias="disabled" value="0x0"/>
            </setting>
            <setting alias="IOCBN1" default="disabled" name="IOCBN1" mask="0x2">
                <option name="enabled" alias="enabled" value="0x1"/>
                <option name="disabled" alias="disabled" value="0x0"/>
            </setting>
            <setting alias="IOCBN2" default="disabled" name="IOCBN2" mask="0x4">
                <option name="enabled" alias="enabled" value="0x1"/>
                <option name="disabled" alias="disabled" value="0x0"/>
            </setting>
            <setting alias="IOCBN3" default="disabled" name="IOCBN3" mask="0x8">
                <option name="enabled" alias="enabled" value="0x1"/>
                <option name="disabled" alias="disabled" value="0x0"/>
            </setting>
            <setting alias="IOCBN4" default="disabled" name="IOCBN4" mask="0x10">
                <option name="enabled" alias="enabled" value="0x1"/>
                <option name="disabled" alias="disabled" value="0x0"/>
            </setting>
            <setting alias="IOCBN5" default="disabled" name="IOCBN5" mask="0x20">
                <option name="enabled" alias="enabled" value="0x1"/>
                <option name="disabled" alias="disabled" value="0x0"/>
            </setting>
            <setting alias="IOCBN6" default="disabled" name="IOCBN6" mask="0x40">
                <option name="enabled" alias="enabled" value="0x1"/>
                <option name="disabled" alias="disabled" value="0x0"/>
            </setting>
            <setting alias="IOCBN7" default="disabled" name="IOCBN7" mask="0x80">
                <option name="enabled" alias="enabled" value="0x1"/>
                <option name="disabled" alias="disabled" value="0x0"/>
            </setting>
        </register>
        <register alias="IOCBF" name="IOCBF" width="8">
            <setting alias="IOCBF0" default="disabled" name="IOCBF0" mask="0x1">
                <option name="enabled" alias="enabled" value="0x1"/>
                <option name="disabled" alias="disabled" value="0x0"/>
            </setting>
            <setting alias="IOCBF1" default="disabled" name="IOCBF1" mask="0x2">
                <option name="enabled" alias="enabled" value="0x1"/>
                <option name="disabled" alias="disabled" value="0x0"/>
            </setting>
            <setting alias="IOCBF2" default="disabled" name="IOCBF2" mask="0x4">
                <option name="enabled" alias="enabled" value="0x1"/>
                <option name="disabled" alias="disabled" value="0x0"/>
            </setting>
            <setting alias="IOCBF3" default="disabled" name="IOCBF3" mask="0x8">
                <option name="enabled" alias="enabled" value="0x1"/>
                <option name="disabled" alias="disabled" value="0x0"/>
            </setting>
            <setting alias="IOCBF4" default="disabled" name="IOCBF4" mask="0x10">
                <option name="enabled" alias="enabled" value="0x1"/>
                <option name="disabled" alias="disabled" value="0x0"/>
            </setting>
            <setting alias="IOCBF5" default="disabled" name="IOCBF5" mask="0x20">
                <option name="enabled" alias="enabled" value="0x1"/>
                <option name="disabled" alias="disabled" value="0x0"/>
            </setting>
            <setting alias="IOCBF6" default="disabled" name="IOCBF6" mask="0x40">
                <option name="enabled" alias="enabled" value="0x1"/>
                <option name="disabled" alias="disabled" value="0x0"/>
            </setting>
            <setting alias="IOCBF7" default="disabled" name="IOCBF7" mask="0x80">
                <option name="enabled" alias="enabled" value="0x1"/>
                <option name="disabled" alias="disabled" value="0x0"/>
            </setting>
        </register>
        <interrupt name="IOCI" flag="INTCONbits.IOCIF" enable="INTCONbits.IOCIE"/>
        <register alias="APFCON" name="APFCON" type="R,W" width="8">
            <setting alias="CCP2SEL" default="RC1" name="CCP2SEL" mask="0x1" type="R,W" porDefault="0x0">
                <option name="RC1" alias="RC1" value="0x0"/>
                <option name="RB3" alias="RB3" value="0x1"/>
            </setting>
            <setting alias="SSSEL" default="RA5" name="SSSEL" mask="0x2" type="R,W" porDefault="0x0">
                <option name="RA5" alias="RA5" value="0x0"/>
                <option name="RA0" alias="RA0" value="0x1"/>
            </setting>
        </register>
        <register alias="OPTION_REG" name="OPTION_REG" type="R,W" width="8">
            <setting alias="nWPUEN" default="disabled" name="nWPUEN" mask="0x80" type="R,W" porDefault="0x1" description="Weak Pull-up Enable">
                <option name="enabled" alias="enabled" value="0x0"/>
                <option name="disabled" alias="disabled" value="0x1"/>
            </setting>
        </register>
    </manager>
    <modules>
        <module group="ADC" name="ADC" type="adc_sarcore_10bit" version="v4_PCG10" sub_version="f4" instance="">
            <interrupt name="ADI" flag="PIR1bits.ADIF" enable="PIE1bits.ADIE"/>
            <property name="minimumTad" value="1E-6"/>
            <property name="maximumTad" value="6E-6"/>
            <register alias="ADCON0" name="ADCON0" type="R,W" width="8">
                <setting alias="ADON" default="disabled" name="ADON" mask="0x1" type="R,W" porDefault="0x0">
                    <option name="disabled" alias="disabled" value="0x0"/>
                    <option name="enabled" alias="enabled" value="0x1"/>
                </setting>
                <setting alias="GO_nDONE" default="stop" name="GO_nDONE" mask="0x2" type="R,W" porDefault="0x0">
                    <option name="stop" alias="stop" value="0x0"/>
                    <option name="start" alias="start" value="0x1"/>
                </setting>
                <setting alias="CHS" default="AN0" name="CHS" mask="0x7c" type="R,W" porDefault="0x0">
                    <option name="AN0" alias="AN0" value="0x0"/>
                    <option name="AN1" alias="AN1" value="0x1"/>
                    <option name="AN2" alias="AN2" value="0x2"/>
                    <option name="AN3" alias="AN3" value="0x3"/>
                    <option name="AN4" alias="AN4" value="0x4"/>
                    <option name="AN8" alias="AN8" value="0x8"/>
                    <option name="AN9" alias="AN9" value="0x9"/>
                    <option name="AN10" alias="AN10" value="0xa"/>
                    <option name="AN11" alias="AN11" value="0xb"/>
                    <option name="AN12" alias="AN12" value="0xc"/>
                    <option name="AN13" alias="AN13" value="0xd"/>
                    <option name="AN14" alias="AN14" value="0xe"/>
                    <option name="AN15" alias="AN15" value="0xf"/>
                    <option name="AN16" alias="AN16" value="0x10"/>
                    <option name="AN17" alias="AN17" value="0x11"/>
                    <option name="AN18" alias="AN18" value="0x12"/>
                    <option name="AN19" alias="AN19" value="0x13"/>
                    <option name="VREFH" alias="VREF+" value="0x1a"/>
                    <option name="VREFL" alias="VREF-" value="0x1b"/>
                    <option name="Temp" alias="Temp" value="0x1e"/>
                    <option name="FVR" alias="FVR" value="0x1f"/>
                </setting>
            </register>
            <register alias="ADCON1" name="ADCON1" type="R,W" width="8">
                <setting alias="ADPREF" default="VDD" name="ADPREF" mask="0x3" type="R,W" porDefault="0x0">
                    <option name="VDD" alias="VDD" value="0x0"/>
                    <option name="external" alias="external" value="0x2"/>
                    <option name="FVR" alias="FVR" value="0x3"/>
                </setting>
                <setting alias="ADCS" default="FOSC/2" name="ADCS" mask="0x70" type="R,W" porDefault="0x0">
                    <option name="FOSC/2" alias="FOSC/2" value="0x0"/>
                    <option name="FOSC/8" alias="FOSC/8" value="0x1"/>
                    <option name="FOSC/32" alias="FOSC/32" value="0x2"/>
                    <option name="FOSC/4" alias="FOSC/4" value="0x4"/>
                    <option name="FOSC/16" alias="FOSC/16" value="0x5"/>
                    <option name="FOSC/64" alias="FOSC/64" value="0x6"/>
                    <option name="Frc" alias="Frc" value="0x7"/>
                </setting>
                <setting alias="ADFM" default="left" name="ADFM" mask="0x80" type="R,W" porDefault="0x0">
                    <option name="left" alias="left" value="0x0"/>
                    <option name="right" alias="right" value="0x1"/>
                </setting>
            </register>
            <register alias="AADCON2" name="AADCON2" type="R,W" width="8">
                <setting alias="TRIGSEL" default="no_auto_trigger" name="TRIGSEL" mask="0x70" type="R,W" porDefault="0x0">
                    <option name="no_auto_trigger" alias="no_auto_trigger" value="0x0"/>
                    <option name="CCP1" alias="CCP1" value="0x1"/>
                    <option name="CCP2" alias="CCP2" value="0x2"/>
                    <option name="TMR0_overflow" alias="TMR0_overflow" value="0x3"/>
                    <option name="TMR1_overflow" alias="TMR1_overflow" value="0x4"/>
                    <option name="TMR2" alias="TMR2" value="0x5"/>
                </setting>
            </register>
            <register alias="AADCON3" name="AADCON3" type="R,W" width="8">
                <setting alias="ADEPPOL" default="Vss" name="ADEPPOL" mask="0x80" type="R,W" porDefault="0x0">
                    <option name="Vss" alias="Vss" value="0x0"/>
                    <option name="Vdd" alias="Vdd" value="0x1"/>
                </setting>
                <setting alias="ADIPPOL" default="VREF-" name="ADIPPOL" mask="0x40" type="R,W" porDefault="0x0">
                    <option name="VREFL" alias="VREF-" value="0x0"/>
                    <option name="VREFH" alias="VREF+" value="0x1"/>
                </setting>
                <setting alias="ADOLEN" default="No Connection" name="ADOLEN" mask="0x20" type="R,W" porDefault="0x0">
                    <option name="No Connection" alias="No Connection" value="0x0"/>
                    <option name="ADOUT Low Impedance connected" alias="ADOUT Low Impedance connected" value="0x1"/>
                </setting>
                <setting alias="ADOEN" default="No Connection" name="ADOEN" mask="0x10" type="R,W" porDefault="0x0">
                    <option name="No Connection" alias="No Connection" value="0x0"/>
                    <option name="ADOUT pin connected" alias="ADOUT pin connected" value="0x1"/>
                </setting>
                <setting alias="ADOOEN" default="Not Overridden" name="ADOOEN" mask="0x8" type="R,W" porDefault="0x0">
                    <option name="Not Overridden" alias="Not Overridden" value="0x0"/>
                    <option name="Overridden" alias="Overridden" value="0x1"/>
                </setting>
                <setting alias="ADIPEN" default="Non inverted" name="ADIPEN" mask="0x2" type="R,W" porDefault="0x0">
                    <option name="Non inverted" alias="Non inverted" value="0x0"/>
                    <option name="inverted" alias="inverted" value="0x1"/>
                </setting>
                <setting alias="ADDSEN" default="Single conversion" name="ADDSEN" mask="0x1" type="R,W" porDefault="0x0">
                    <option name="Single conversion" alias="Single conversion" value="0x0"/>
                    <option name="Multiple conversion" alias="Multiple conversion" value="0x1"/>
                </setting>
            </register>
            <register alias="AADSTAT" name="AADSTAT" type="R,W" width="8">
                <setting alias="ADCONV" default="AADRES0H:AADRES0L" name="ADCONV" mask="0x4" type="R,W" porDefault="0x0">
                    <option name="AADRES0H:AADRES0L" alias="AADRES0H:AADRES0L" value="0x0"/>
                    <option name="AADRES1H:AADRES1L" alias="AADRES1H:AADRES1L" value="0x1"/>
                </setting>
                <setting alias="ADSTG" default="Not converting" name="ADSTG" mask="0x3" type="R,W" porDefault="0x0">
                    <option name="Not converting" alias="Not converting" value="0x0"/>
                    <option name="Pre charge state" alias="Pre charge state" value="0x1"/>
                    <option name="Acquisition state" alias="Acquisition state" value="0x2"/>
                    <option name="Conversion state" alias="Conversion state" value="0x3"/>
                </setting>
            </register>
            <register alias="AADPRE" name="AADPRE" type="R,W" width="8">
                <setting alias="AADPRE" default="0x0" name="ADPRE" mask="0x7f" type="R,W" porDefault="0x0"/>
            </register>
            <register alias="AADACQ" name="AADACQ" type="R,W" width="8">
                <setting alias="AADACQ" default="0x0" name="ADACQ" mask="0x7f" type="R,W" porDefault="0x0"/>
            </register>
            <register alias="AADGRD" name="AADGRD" type="R,W" width="8">
                <setting alias="GRDBOE" default="No Guard ring enabled" name="GRDBOE" mask="0x80" type="R,W" porDefault="0x0">
                    <option name="No Guard ring enabled" alias="No Guard ring enabled" value="0x0"/>
                    <option name="Guard ring enabled" alias="Guard ring enabled" value="0x1"/>
                </setting>
                <setting alias="GRDAOE" default="No Guard ring enabled" name="GRDAOE" mask="0x40" type="R,W" porDefault="0x0">
                    <option name="No Guard ring enabled" alias="No Guard ring enabled" value="0x0"/>
                    <option name="Guard ring enabled" alias="Guard ring enabled" value="0x1"/>
                </setting>
                <setting alias="GRDPOL" default="Low" name="GRDPOL" mask="0x20" type="R,W" porDefault="0x0">
                    <option name="Low" alias="Low" value="0x0"/>
                    <option name="High" alias="High" value="0x1"/>
                </setting>
            </register>
            <register alias="AADCAP" name="AADCAP" type="R,W" width="8">
                <setting alias="ADDCAP" default="Additional uC disabled" name="ADDCAP" mask="0x7" type="R,W" porDefault="0x0">
                    <option name="Additional uC disabled" alias="Additional uC disabled" value="0x0"/>
                    <option name="Additional uC of 4pF" alias="Additional uC of 4pF" value="0x1"/>
                    <option name="Additional uC of 8pF" alias="Additional uC of 8pF" value="0x2"/>
                    <option name="Additional uC of 12pF" alias="Additional uC of 12pF" value="0x3"/>
                    <option name="Additional uC of 16pF" alias="Additional uC of 16pF" value="0x4"/>
                    <option name="Additional uC of 20pF" alias="Additional uC of 20pF" value="0x5"/>
                    <option name="Additional uC of 24pF" alias="Additional uC of 24pF" value="0x6"/>
                    <option name="Additional uC of 28pF" alias="Additional uC of 28pF" value="0x7"/>
                </setting>
            </register>
            <register alias="AADRES0L" name="AADRES0L" type="R,W" width="8">
                <setting alias="AADRES0L" default="0x0" name="ADRES0L" mask="0xff" type="R,W" porDefault="0x0"/>
            </register>
            <register alias="AADRES0H" name="AADRES0H" type="R,W" width="8">
                <setting alias="AADRES0H" default="0x0" name="ADRES0H" mask="0xff" type="R,W" porDefault="0x0"/>
            </register>
            <register alias="AADRES1L" name="AADRES1L" type="R,W" width="8">
                <setting alias="AADRES1L" default="0x0" name="ADRES1L" mask="0xff" type="R,W" porDefault="0x0"/>
            </register>
            <register alias="AADRES1H" name="AADRES1H" type="R,W" width="8">
                <setting alias="AADRES1H" default="0x0" name="ADRES1H" mask="0xff" type="R,W" porDefault="0x0"/>
            </register>
        </module>
        <module group="CCP" name="CCP1" type="ccp" version="v2" sub_version="d0" instance="1">
            <interrupt name="CCPI" flag="PIR1bits.CCP1IF" enable="PIE1bits.CCP1IE"/>
            <register alias="CCPCON" name="CCP1CON" type="R,W" width="8">
                <setting alias="CCPM" default="off/reset" name="CCP1M" mask="0xf" type="R,W" porDefault="0x0">
                    <option name="off/reset" alias="off/reset" value="0x0" mode="Default"/>
                    <option name="Toggle" alias="Toggle" value="0x2" mode="Compare"/>
                    <option name="Falling edge" alias="Falling edge" value="0x4" mode="Capture"/>
                    <option name="Rising edge" alias="Rising edge" value="0x5" mode="Capture"/>
                    <option name="4th rising edge" alias="4th rising edge" value="0x6" mode="Capture"/>
                    <option name="16th rising edge" alias="16th rising edge" value="0x7" mode="Capture"/>
                    <option name="Setoutput" alias="Setoutput" value="0x8" mode="Compare"/>
                    <option name="Clearoutput" alias="Clearoutput" value="0x9" mode="Compare"/>
                    <option name="Softinterrupt" alias="Softinterrupt" value="0xa" mode="Compare"/>
                    <option name="Autoconversion" alias="Autoconversion" value="0xb" mode="Compare"/>
                    <option name="PWM" alias="PWM" value="0xc" mode="PWM"/>
                </setting>
                <setting alias="DCB" default="0x0" name="DC1B" mask="0x30" type="R,W" porDefault="0x0"/>
            </register>
            <register alias="CCPRL" name="CCPR1L" type="R,W" width="8">
                <setting alias="CCPRL" default="0x0" name="CCPR1L" mask="0xff" type="R,W" porDefault="0x0"/>
            </register>
            <register alias="CCPRH" name="CCPR1H" type="R,W" width="8">
                <setting alias="CCPRH" default="0x0" name="CCPR1H" mask="0xff" type="R,W" porDefault="0x0"/>
            </register>
        </module>
        <module group="CCP" name="CCP2" type="ccp" version="v2" sub_version="d0" instance="2">
            <interrupt name="CCPI" flag="PIR2bits.CCP2IF" enable="PIE2bits.CCP2IE"/>
            <register alias="CCPCON" name="CCP2CON" type="R,W" width="8">
                <setting alias="CCPM" default="off/reset" name="CCP2M" mask="0xf" type="R,W" porDefault="0x0">
                    <option name="off/reset" alias="off/reset" value="0x0" mode="Default"/>
                    <option name="Toggle" alias="Toggle" value="0x2" mode="Compare"/>
                    <option name="Falling edge" alias="Falling edge" value="0x4" mode="Capture"/>
                    <option name="Rising edge" alias="Rising edge" value="0x5" mode="Capture"/>
                    <option name="4th rising edge" alias="4th rising edge" value="0x6" mode="Capture"/>
                    <option name="16th rising edge" alias="16th rising edge" value="0x7" mode="Capture"/>
                    <option name="Setoutput" alias="Setoutput" value="0x8" mode="Compare"/>
                    <option name="Clearoutput" alias="Clearoutput" value="0x9" mode="Compare"/>
                    <option name="Softinterrupt" alias="Softinterrupt" value="0xa" mode="Compare"/>
                    <option name="Autoconversion" alias="Autoconversion" value="0xb" mode="Compare"/>
                    <option name="PWM" alias="PWM" value="0xc" mode="PWM"/>
                </setting>
                <setting alias="DCB" default="0x0" name="DC2B" mask="0x30" type="R,W" porDefault="0x0"/>
            </register>
            <register alias="CCPRL" name="CCPR2L" type="R,W" width="8">
                <setting alias="CCPRL" default="0x0" name="CCPR2L" mask="0xff" type="R,W" porDefault="0x0"/>
            </register>
            <register alias="CCPRH" name="CCPR2H" type="R,W" width="8">
                <setting alias="CCPRH" default="0x0" name="CCPR2H" mask="0xff" type="R,W" porDefault="0x0"/>
            </register>
        </module>
        <module group="Ext_Interrupt" name="EXT_INT" type="int_8bit" version="v0" sub_version="a0" instance="">
            <interrupt name="INTI" flag="INTCONbits.INTF" enable="INTCONbits.INTE"/>
            <register alias="OPTION_REG" name="OPTION_REG" type="R,W" width="8">
                <setting alias="INTEDG" default="rising_edge" name="INTEDG" mask="0x40" type="R,W" porDefault="0x1" description="INT Interrupt Edge Select bit">
                    <option name="falling_edge" alias="falling_edge" value="0x0"/>
                    <option name="rising_edge" alias="rising_edge" value="0x1"/>
                </setting>
            </register>
        </module>
        <module group="MSSP" name="MSSP" type="mssp" version="v5" sub_version="d0" instance="">
            <interrupt name="SSPI" flag="PIR1bits.SSPIF" enable="PIE1bits.SSPIE"/>
            <interrupt name="BCLI" flag="PIR2bits.BCLIF" enable="PIE2bits.BCLIE"/>
            <register alias="SSPSTAT" name="SSP1STAT" type="R,W" width="8">
                <setting alias="BF" default="RCinprocess_TXcomplete" name="BF" mask="0x1" type="R,W" porDefault="0x0" description="Buffer Full Status bit">
                    <option name="RCinprocess_TXcomplete" alias="RCinprocess_TXcomplete" value="0x0"/>
                    <option name="RCcomplete_TXinprocess" alias="RCcomplete_TXinprocess" value="0x1"/>
                </setting>
                <setting alias="UA" default="dontupdate" name="UA" mask="0x2" type="R,W" porDefault="0x0" description="Update Address bit">
                    <option name="dontupdate" alias="dontupdate" value="0x0"/>
                    <option name="update" alias="update" value="0x1"/>
                </setting>
                <setting alias="R_nW" default="write_noTX" name="R_nW" mask="0x4" type="R,W" porDefault="0x0" description="Read/Write Information bit">
                    <option name="write_noTX" alias="write_noTX" value="0x0"/>
                    <option name="read_TX" alias="read_TX" value="0x1"/>
                </setting>
                <setting alias="S" default="startbit_notdetected" name="S" mask="0x8" type="R,W" porDefault="0x0" description="Start bit">
                    <option name="startbit_notdetected" alias="startbit_notdetected" value="0x0"/>
                    <option name="startbit_detected" alias="startbit_detected" value="0x1"/>
                </setting>
                <setting alias="P" default="stopbit_notdetected" name="P" mask="0x10" type="R,W" porDefault="0x0" description="Stop bit">
                    <option name="stopbit_notdetected" alias="stopbit_notdetected" value="0x0"/>
                    <option name="stopbit_detected" alias="stopbit_detected" value="0x1"/>
                </setting>
                <setting alias="D_nA" default="lastbyte_address" name="D_nA" mask="0x20" type="R,W" porDefault="0x0" description="Data/Address bit">
                    <option name="lastbyte_address" alias="lastbyte_address" value="0x0"/>
                    <option name="lastbyte_data" alias="lastbyte_data" value="0x1"/>
                </setting>
                <setting alias="CKE" default="disabled" name="CKE" mask="0x40" type="R,W" porDefault="0x0" description="SPI Clock Edge Select bit">
                    <option name="disabled" alias="disabled" value="0x0" mode="I2C"/>
                    <option name="Idle to Active" alias="Idle to Active" value="0x0" mode="SPI"/>
                    <option name="Active to Idle" alias="Active to Idle" value="0x1" mode="SPI"/>
                    <option name="enabled" alias="enabled" value="0x1" mode="I2C"/>
                </setting>
                <setting alias="SMP" default="High Speed" name="SMP" mask="0x80" type="R,W" porDefault="0x0" description="SPI Data Input Sample Phase bit">
                    <option name="Middle" alias="Middle" value="0x0" mode="SPI"/>
                    <option name="High Speed" alias="High Speed" value="0x0" mode="I2C"/>
                    <option name="End" alias="End" value="0x1" mode="SPI"/>
                    <option name="Standard Speed" alias="Standard Speed" value="0x1" mode="I2C"/>
                </setting>
            </register>
            <register alias="SSPCON1" name="SSP1CON1" type="R,W" width="8">
                <setting alias="SSPM" default="FOSC/4" name="SSPM" mask="0xf" type="R,W" porDefault="0x0" description="Synchronous Serial Port Mode Select bits">
                    <option name="FOSC/4" alias="FOSC/4" value="0x0" mode="SPI Master"/>
                    <option name="FOSC/16" alias="FOSC/16" value="0x1" mode="SPI Master"/>
                    <option name="FOSC/64" alias="FOSC/64" value="0x2" mode="SPI Master"/>
                    <option name="TMR2" alias="TMR2" value="0x3" mode="SPI Master"/>
                    <option name="SCKx_nSSxenabled" alias="SCKx_nSSxenabled" value="0x4" mode="SPI Slave"/>
                    <option name="SCKx_nSSxdisabled" alias="SCKx_nSSxdisabled" value="0x5" mode="SPI Slave"/>
                    <option name="7 Bit Polling" alias="7 Bit Polling" value="0x6" mode="I2C Slave Polling"/>
                    <option name="10 Bit Polling" alias="10 Bit Polling" value="0x7" mode="I2C Slave Polling"/>
                    <option name="FOSC/4_SSPxADD_I2C" alias="FOSC/4_SSPxADD_I2C" value="0x8" mode="I2C Master"/>
                    <option name="FOSC/4_SSPxADD" alias="FOSC/4_SSPxADD" value="0xa" mode="SPI Master"/>
                    <option name="Firmware Controlled" alias="Firmware Controlled" value="0xb" mode="I2C Master"/>
                    <option name="7 Bit" alias="7 Bit" value="0xe" mode="I2C Slave"/>
                    <option name="10 Bit" alias="10 Bit" value="0xf" mode="I2C Slave"/>
                </setting>
                <setting alias="CKP" default="Idle:Low, Active:High" name="CKP" mask="0x10" type="R,W" porDefault="0x0" description="SPI Clock Polarity Select bit/I2C Clock stretch">
                    <option name="Idle:Low, Active:High" alias="Idle:Low, Active:High" value="0x0" mode="SPI"/>
                    <option name="disabled" alias="disabled" value="0x0" mode="I2C"/>
                    <option name="Idle:High, Active:Low" alias="Idle:High, Active:Low" value="0x1" mode="SPI"/>
                    <option name="enabled" alias="enabled" value="0x1" mode="I2C"/>
                </setting>
                <setting alias="SSPEN" default="disabled" name="SSPEN" mask="0x20" type="R,W" porDefault="0x0" description="Synchronous Serial Port Enable bit">
                    <option name="disabled" alias="disabled" value="0x0"/>
                    <option name="enabled" alias="enabled" value="0x1"/>
                </setting>
                <setting alias="SSPOV" default="no_overflow" name="SSPOV" mask="0x40" type="R,W" porDefault="0x0" description="Receive Overflow Indicator bit">
                    <option name="no_overflow" alias="no_overflow" value="0x0"/>
                    <option name="overflow" alias="overflow" value="0x1"/>
                </setting>
                <setting alias="WCOL" default="no_collision" name="WCOL" mask="0x80" type="R,W" porDefault="0x0" description="Write Collision Detect bit">
                    <option name="no_collision" alias="no_collision" value="0x0"/>
                    <option name="collision" alias="collision" value="0x1"/>
                </setting>
            </register>
            <register alias="SSPCON2" name="SSP1CON2" type="R,W" width="8">
                <setting alias="SEN" default="disabled" name="SEN" mask="0x1" type="R,W" porDefault="0x0" description="Start Condition Enable/Stretch Enable bit">
                    <option name="disabled" alias="disabled" value="0x0"/>
                    <option name="enabled" alias="enabled" value="0x1"/>
                </setting>
                <setting alias="RSEN" default="disabled" name="RSEN" mask="0x2" type="R,W" porDefault="0x0" description=": Repeated Start Condition Enable bit (Master mode only)">
                    <option name="disabled" alias="disabled" value="0x0"/>
                    <option name="enabled" alias="enabled" value="0x1"/>
                </setting>
                <setting alias="PEN" default="disabled" name="PEN" mask="0x4" type="R,W" porDefault="0x0" description="Stop Condition Enable bit (Master mode only)">
                    <option name="disabled" alias="disabled" value="0x0"/>
                    <option name="enabled" alias="enabled" value="0x1"/>
                </setting>
                <setting alias="RCEN" default="disabled" name="RCEN" mask="0x8" type="R,W" porDefault="0x0" description="Receive Enable bit (Master mode only)">
                    <option name="disabled" alias="disabled" value="0x0"/>
                    <option name="enabled" alias="enabled" value="0x1"/>
                </setting>
                <setting alias="ACKEN" default="disabled" name="ACKEN" mask="0x10" type="R,W" porDefault="0x0" description="Acknowledge Sequence Enable bit (Master Receive mode only)">
                    <option name="disabled" alias="disabled" value="0x0"/>
                    <option name="enabled" alias="enabled" value="0x1"/>
                </setting>
                <setting alias="ACKDT" default="acknowledge" name="ACKDT" mask="0x20" type="R,W" porDefault="0x0" description="Acknowledge Data bit (Receive mode only)">
                    <option name="acknowledge" alias="acknowledge" value="0x0"/>
                    <option name="not_acknowledge" alias="not_acknowledge" value="0x1"/>
                </setting>
                <setting alias="ACKSTAT" default="received" name="ACKSTAT" mask="0x40" type="R,W" porDefault="0x0" description="Acknowledge Status bit (Transmission only)">
                    <option name="received" alias="received" value="0x0"/>
                    <option name="not_received" alias="not_received" value="0x1"/>
                </setting>
                <setting alias="GCEN" default="disabled" name="GCEN" mask="0x80" type="R,W" porDefault="0x0" description="General Call Enable bit (Slave mode only)">
                    <option name="disabled" alias="disabled" value="0x0"/>
                    <option name="enabled" alias="enabled" value="0x1"/>
                </setting>
            </register>
            <register alias="SSPCON3" name="SSP1CON3" type="R,W" width="8">
                <setting alias="DHEN" default="disabled" name="DHEN" mask="0x1" type="R,W" porDefault="0x0" description="Data Hold Enable bit">
                    <option name="disabled" alias="disabled" value="0x0"/>
                    <option name="enabled" alias="enabled" value="0x1"/>
                </setting>
                <setting alias="AHEN" default="disabled" name="AHEN" mask="0x2" type="R,W" porDefault="0x0" description="Address Hold Enable bit (I2C Slave mode only)">
                    <option name="disabled" alias="disabled" value="0x0"/>
                    <option name="enabled" alias="enabled" value="0x1"/>
                </setting>
                <setting alias="SBCDE" default="disabled" name="SBCDE" mask="0x4" type="R,W" porDefault="0x0" description="Slave mode Bus Collision Detect Enable bit (I2C Slave mode only)">
                    <option name="disabled" alias="disabled" value="0x0"/>
                    <option name="enabled" alias="enabled" value="0x1"/>
                </setting>
                <setting alias="SDAHT" default="100ns" name="SDAHT" mask="0x8" type="R,W" porDefault="0x0" description="SDA Hold Time selection bit (I2C mode only)">
                    <option name="100ns" alias="100ns" value="0x0" mode="I2C"/>
                    <option name="300ns" alias="300ns" value="0x1" mode="I2C"/>
                </setting>
                <setting alias="BOEN" default="disabled" name="BOEN" mask="0x10" type="R,W" porDefault="0x0" description="Buffer Overwrite Enable bit">
                    <option name="disabled" alias="disabled" value="0x0"/>
                    <option name="enabled" alias="enabled" value="0x1"/>
                </setting>
                <setting alias="SCIE" default="disabled" name="SCIE" mask="0x20" type="R,W" porDefault="0x0" description="Start Condition Interrupt Enable">
                    <option name="disabled" alias="disabled" value="0x0"/>
                    <option name="enabled" alias="enabled" value="0x1"/>
                </setting>
                <setting alias="PCIE" default="disabled" name="PCIE" mask="0x40" type="R,W" porDefault="0x0" description="Stop Condition Interrupt Enable">
                    <option name="disabled" alias="disabled" value="0x0"/>
                    <option name="enabled" alias="enabled" value="0x1"/>
                </setting>
                <setting alias="ACKTIM" default="ackseq" name="ACKTIM" mask="0x80" type="R,W" porDefault="0x0" description="Acknowledge Time Status bit (I2C Slave mode only)">
                    <option name="ackseq" alias="ackseq" value="0x0"/>
                    <option name="no_ackseq" alias="no_ackseq" value="0x1"/>
                </setting>
            </register>
            <register alias="SSPMSK" name="SSP1MSK" type="R,W" width="8">
                <setting alias="SSPMSK" default="0xff" name="SSPMSK" mask="0xff" type="R,W" porDefault="0xff"/>
            </register>
            <register alias="SSPBUF" name="SSP1BUF" type="R,W" width="8">
                <setting alias="SSPBUF" default="0x0" name="SSPBUF" mask="0xff" type="R,W" porDefault="0x0"/>
            </register>
            <register alias="SSPADD" name="SSP1ADD" type="R,W" width="8">
                <setting alias="SSPADD" default="0x1" name="SSPADD" mask="0xff" type="R,W" porDefault="0x0" description="Address or Divider bits"/>
            </register>
        </module>
        <module group="Timer" name="TMR2" type="tmr_2" version="v2" sub_version="b0" instance="2">
            <interrupt name="TMRI" flag="PIR1bits.TMR2IF" enable="PIE1bits.TMR2IE"/>
            <register alias="TCON" name="T2CON" type="R,W" width="8">
                <setting alias="TCKPS" default="1:1" name="T2CKPS" mask="0x3" type="R,W" porDefault="0x0">
                    <option name="1:1" alias="1:1" value="0x0"/>
                    <option name="1:4" alias="1:4" value="0x1"/>
                    <option name="1:16" alias="1:16" value="0x2"/>
                    <option name="1:64" alias="1:64" value="0x3"/>
                </setting>
                <setting alias="TMRON" default="off" name="TMR2ON" mask="0x4" type="R,W" porDefault="0x0">
                    <option name="off" alias="off" value="0x0"/>
                    <option name="on" alias="on" value="0x1"/>
                </setting>
                <setting alias="TOUTPS" default="1:1" name="T2OUTPS" mask="0x78" type="R,W" porDefault="0x0">
                    <option name="1:1" alias="1:1" value="0x0"/>
                    <option name="1:2" alias="1:2" value="0x1"/>
                    <option name="1:3" alias="1:3" value="0x2"/>
                    <option name="1:4" alias="1:4" value="0x3"/>
                    <option name="1:5" alias="1:5" value="0x4"/>
                    <option name="1:6" alias="1:6" value="0x5"/>
                    <option name="1:7" alias="1:7" value="0x6"/>
                    <option name="1:8" alias="1:8" value="0x7"/>
                    <option name="1:9" alias="1:9" value="0x8"/>
                    <option name="1:10" alias="1:10" value="0x9"/>
                    <option name="1:11" alias="1:11" value="0xa"/>
                    <option name="1:12" alias="1:12" value="0xb"/>
                    <option name="1:13" alias="1:13" value="0xc"/>
                    <option name="1:14" alias="1:14" value="0xd"/>
                    <option name="1:15" alias="1:15" value="0xe"/>
                    <option name="1:16" alias="1:16" value="0xf"/>
                </setting>
            </register>
            <register alias="PR" name="PR2" type="R,W" width="8">
                <setting alias="PR" default="0xFF" name="PR2" mask="0xff" type="R,W" porDefault="0xff"/>
            </register>
            <register alias="TMR" name="TMR2" type="R,W" width="8">
                <setting alias="TMR" default="0x0" name="TMR2" mask="0xff" type="R,W" porDefault="0x0"/>
            </register>
        </module>
        <module group="Timer" name="TMR1" type="tmr_mid1" version="v3" sub_version="h0" instance="1">
            <interrupt name="TMRI" flag="PIR1bits.TMR1IF" enable="PIE1bits.TMR1IE"/>
            <interrupt name="TMRGI" flag="PIR1bits.TMR1GIF" enable="PIE1bits.TMR1GIE"/>
            <register alias="TCON" name="T1CON" type="R,W" width="8">
                <setting alias="TMRON" default="disabled" name="TMR1ON" mask="0x1" type="R,W" porDefault="0x0">
                    <option name="disabled" alias="disabled" value="0x0"/>
                    <option name="enabled" alias="enabled" value="0x1"/>
                </setting>
                <setting alias="nTSYNC" default="synchronize" name="nT1SYNC" mask="0x4" type="R,W" porDefault="0x0">
                    <option name="synchronize" alias="synchronize" value="0x0"/>
                    <option name="do_not_synchronize" alias="do_not_synchronize" value="0x1"/>
                </setting>
                <setting alias="TOSCEN" default="disabled" name="T1OSCEN" mask="0x8" type="R,W" porDefault="0x0">
                    <option name="disabled" alias="disabled" value="0x0"/>
                    <option name="enabled" alias="enabled" value="0x1"/>
                </setting>
                <setting alias="TCKPS" default="1:1" name="T1CKPS" mask="0x30" type="R,W" porDefault="0x0">
                    <option name="1:1" alias="1:1" value="0x0"/>
                    <option name="1:2" alias="1:2" value="0x1"/>
                    <option name="1:4" alias="1:4" value="0x2"/>
                    <option name="1:8" alias="1:8" value="0x3"/>
                </setting>
                <setting alias="TMRCS" default="FOSC/4" name="TMR1CS" mask="0xc0" type="R,W" porDefault="0x0">
                    <option name="FOSC/4" alias="FOSC/4" value="0x0"/>
                    <option name="FOSC" alias="FOSC" value="0x1"/>
                    <option name="External" alias="External" value="0x2"/>
                    <option name="LFINTOSC" alias="LFINTOSC" value="0x3"/>
                </setting>
            </register>
            <register alias="TGCON" name="T1GCON" type="R,W" width="8">
                <setting alias="TGSS" default="T1G_pin" name="T1GSS" mask="0x3" type="R,W" porDefault="0x0">
                    <option name="T1G_pin" alias="T1G_pin" value="0x0"/>
                    <option name="TMR0" alias="TMR0" value="0x1"/>
                    <option name="TMR2=PR2" alias="TMR2=PR2" value="0x2"/>
                </setting>
                <setting alias="TGVAL" default="disabled" name="T1GVAL" mask="0x4" type="R" porDefault="0x0">
                    <option name="disabled" alias="disabled" value="0x0"/>
                    <option name="enabled" alias="enabled" value="0x1"/>
                </setting>
                <setting alias="TGGO" default="done" name="T1GGO_nDONE" mask="0x8" type="R,W" porDefault="0x0">
                    <option name="done" alias="done" value="0x0"/>
                    <option name="ready" alias="ready" value="0x1"/>
                </setting>
                <setting alias="TGSPM" default="disabled" name="T1GSPM" mask="0x10" type="R,W" porDefault="0x0">
                    <option name="disabled" alias="disabled" value="0x0"/>
                    <option name="enabled" alias="enabled" value="0x1"/>
                </setting>
                <setting alias="TGTM" default="disabled" name="T1GTM" mask="0x20" type="R,W" porDefault="0x0">
                    <option name="disabled" alias="disabled" value="0x0"/>
                    <option name="enabled" alias="enabled" value="0x1"/>
                </setting>
                <setting alias="TGPOL" default="low" name="T1GPOL" mask="0x40" type="R,W" porDefault="0x0">
                    <option name="low" alias="low" value="0x0"/>
                    <option name="high" alias="high" value="0x1"/>
                </setting>
                <setting alias="TMRGE" default="disabled" name="TMR1GE" mask="0x80" type="R,W" porDefault="0x0">
                    <option name="disabled" alias="disabled" value="0x0"/>
                    <option name="enabled" alias="enabled" value="0x1"/>
                </setting>
            </register>
            <register alias="TMRH" name="TMR1H" type="R,W" width="8">
                <setting alias="TMRH" default="0x0" name="TMR1H" mask="0xff" type="R,W" porDefault="0x0"/>
            </register>
            <register alias="TMRL" name="TMR1L" type="R,W" width="8">
                <setting alias="TMRL" default="0x0" name="TMR1L" mask="0xff" type="R,W" porDefault="0x0"/>
            </register>
        </module>
        <module group="EUSART" name="EUSART" type="uart_autobd" version="v2" sub_version="c1" instance="">
            <interrupt name="TXI" flag="PIR1bits.TXIF" enable="PIE1bits.TXIE"/>
            <interrupt name="RCI" flag="PIR1bits.RCIF" enable="PIE1bits.RCIE"/>
            <register alias="TXREG" name="TXREG" type="R,W" width="8">
                <setting alias="TXREG" default="0x0" name="TXREG" mask="0xff" type="R,W" porDefault="0x0"/>
            </register>
            <register alias="RCREG" name="RCREG" type="R" width="8">
                <setting alias="RCREG" default="0x0" name="RCREG" mask="0xff" type="R" porDefault="0x0"/>
            </register>
            <register alias="BAUDCON" name="BAUDCON" type="R,W" width="8">
                <setting alias="ABDEN" default="disabled" name="ABDEN" mask="0x1" type="R,W" porDefault="0x0">
                    <option name="disabled" alias="disabled" value="0x0"/>
                    <option name="enabled" alias="enabled" value="0x1"/>
                </setting>
                <setting alias="WUE" default="disabled" name="WUE" mask="0x2" type="R,W" porDefault="0x0">
                    <option name="disabled" alias="disabled" value="0x0"/>
                    <option name="enabled" alias="enabled" value="0x1"/>
                </setting>
                <setting alias="BRG16" default="8bit_generator" name="BRG16" mask="0x8" type="R,W" porDefault="0x0">
                    <option name="8bit_generator" alias="8bit_generator" value="0x0"/>
                    <option name="16bit_generator" alias="16bit_generator" value="0x1"/>
                </setting>
                <setting alias="SCKP" default="Non-Inverted" name="SCKP" mask="0x10" type="R,W" porDefault="0x0">
                    <option name="Non-Inverted" alias="Non-Inverted" value="0x0"/>
                    <option name="Inverted" alias="Inverted" value="0x1"/>
                </setting>
                <setting alias="RCIDL" default="idle" name="RCIDL" mask="0x40" type="R" porDefault="0x1">
                    <option name="bit_received" alias="bit_received" value="0x0"/>
                    <option name="idle" alias="idle" value="0x1"/>
                </setting>
                <setting alias="ABDOVF" default="no_overflow" name="ABDOVF" mask="0x80" type="R,W" porDefault="0x0">
                    <option name="no_overflow" alias="no_overflow" value="0x0"/>
                    <option name="overflow" alias="overflow" value="0x1"/>
                </setting>
            </register>
            <register alias="RCSTA" name="RCSTA" type="R,W" width="8">
                <setting alias="RX9D" default="0x0" name="RX9D" mask="0x1" type="R" porDefault="0x0"/>
                <setting alias="OERR" default="no_error" name="OERR" mask="0x2" type="R" porDefault="0x0">
                    <option name="no_error" alias="no_error" value="0x0"/>
                    <option name="error" alias="error" value="0x1"/>
                </setting>
                <setting alias="FERR" default="no_error" name="FERR" mask="0x4" type="R" porDefault="0x0">
                    <option name="no_error" alias="no_error" value="0x0"/>
                    <option name="error" alias="error" value="0x1"/>
                </setting>
                <setting alias="ADDEN" default="disabled" name="ADDEN" mask="0x8" type="R,W" porDefault="0x0">
                    <option name="disabled" alias="disabled" value="0x0"/>
                    <option name="enabled" alias="enabled" value="0x1"/>
                </setting>
                <setting alias="CREN" default="disabled" name="CREN" mask="0x10" type="R,W" porDefault="0x0">
                    <option name="disabled" alias="disabled" value="0x0"/>
                    <option name="enabled" alias="enabled" value="0x1"/>
                </setting>
                <setting alias="SREN" default="disabled" name="SREN" mask="0x20" type="R,W" porDefault="0x0">
                    <option name="disabled" alias="disabled" value="0x0"/>
                    <option name="enabled" alias="enabled" value="0x1"/>
                </setting>
                <setting alias="RX9" default="8-bit" name="RX9" mask="0x40" type="R,W" porDefault="0x0">
                    <option name="8-bit" alias="8-bit" value="0x0"/>
                    <option name="9-bit" alias="9-bit" value="0x1"/>
                </setting>
                <setting alias="SPEN" default="disabled" name="SPEN" mask="0x80" type="R,W" porDefault="0x0">
                    <option name="disabled" alias="disabled" value="0x0"/>
                    <option name="enabled" alias="enabled" value="0x1"/>
                </setting>
            </register>
            <register alias="TXSTA" name="TXSTA" type="R,W" width="8">
                <setting alias="TX9D" default="0x0" name="TX9D" mask="0x1" type="R,W" porDefault="0x0"/>
                <setting alias="TRMT" default="TSR_empty" name="TRMT" mask="0x2" type="R" porDefault="0x1">
                    <option name="TSR_full" alias="TSR_full" value="0x0"/>
                    <option name="TSR_empty" alias="TSR_empty" value="0x1"/>
                </setting>
                <setting alias="BRGH" default="lo_speed" name="BRGH" mask="0x4" type="R,W" porDefault="0x0">
                    <option name="lo_speed" alias="lo_speed" value="0x0"/>
                    <option name="hi_speed" alias="hi_speed" value="0x1"/>
                </setting>
                <setting alias="SENDB" default="sync_break_complete" name="SENDB" mask="0x8" type="R,W" porDefault="0x0">
                    <option name="sync_break_complete" alias="sync_break_complete" value="0x0"/>
                    <option name="send_sync_break_next" alias="send_sync_break_next" value="0x1"/>
                </setting>
                <setting alias="SYNC" default="asynchronous" name="SYNC" mask="0x10" type="R,W" porDefault="0x0">
                    <option name="asynchronous" alias="asynchronous" value="0x0"/>
                    <option name="synchronous" alias="synchronous" value="0x1"/>
                </setting>
                <setting alias="TXEN" default="disabled" name="TXEN" mask="0x20" type="R,W" porDefault="0x0">
                    <option name="disabled" alias="disabled" value="0x0"/>
                    <option name="enabled" alias="enabled" value="0x1"/>
                </setting>
                <setting alias="TX9" default="8-bit" name="TX9" mask="0x40" type="R,W" porDefault="0x0">
                    <option name="8-bit" alias="8-bit" value="0x0"/>
                    <option name="9-bit" alias="9-bit" value="0x1"/>
                </setting>
                <setting alias="CSRC" default="slave" name="CSRC" mask="0x80" type="R,W" porDefault="0x0">
                    <option name="slave" alias="slave" value="0x0"/>
                    <option name="master" alias="master" value="0x1"/>
                </setting>
            </register>
            <register alias="SPBRGL" name="SPBRGL" type="R,W" width="8">
                <setting alias="SPBRGL" default="0x0" name="SPBRGL" mask="0xff" type="R,W" porDefault="0x0"/>
            </register>
            <register alias="SPBRGH" name="SPBRGH" type="R,W" width="8">
                <setting alias="SPBRGH" default="0x0" name="SPBRGH" mask="0xff" type="R,W" porDefault="0x0"/>
            </register>
        </module>
        <module group="FVR" name="FVR" type="vref_bandgap_2buf" version="v14" sub_version="c4" instance="">
            <register alias="FVRCON" name="FVRCON" type="R,W" width="8">
                <setting alias="ADFVR" default="off" name="ADFVR" mask="0x3" type="R,W" porDefault="0x0">
                    <option name="off" alias="off" value="0x0"/>
                    <option name="1x" alias="1x" value="0x1"/>
                    <option name="2x" alias="2x" value="0x2"/>
                    <option name="4x" alias="4x" value="0x3"/>
                </setting>
                <setting alias="TSRNG" default="Lo_range" name="TSRNG" mask="0x10" type="R,W" porDefault="0x0">
                    <option name="Lo_range" alias="Lo_range" value="0x0"/>
                    <option name="Hi_range" alias="Hi_range" value="0x1"/>
                </setting>
                <setting alias="TSEN" default="disabled" name="TSEN" mask="0x20" type="R,W" porDefault="0x0">
                    <option name="disabled" alias="disabled" value="0x0"/>
                    <option name="enabled" alias="enabled" value="0x1"/>
                </setting>
                <setting alias="FVRRDY" default="disabled" name="FVRRDY" mask="0x40" type="R" porDefault="0x0">
                    <option name="disabled" alias="disabled" value="0x0"/>
                    <option name="enabled" alias="enabled" value="0x1"/>
                </setting>
                <setting alias="FVREN" default="disabled" name="FVREN" mask="0x80" type="R,W" porDefault="0x0">
                    <option name="disabled" alias="disabled" value="0x0"/>
                    <option name="enabled" alias="enabled" value="0x1"/>
                </setting>
            </register>
        </module>
        <module group="Timer" name="TMR0" type="tmr_0" version="v0" sub_version="" instance="0">
            <interrupt name="TMRI" flag="INTCONbits.TMR0IF" enable="INTCONbits.TMR0IE"/>
            <register alias="OPTION_REG" name="OPTION_REG" type="R,W" width="8">
                <setting alias="PS" default="1:256" name="PS" mask="0x7" type="R,W" porDefault="0x7">
                    <option name="1:2" alias="1:2" value="0x0"/>
                    <option name="1:4" alias="1:4" value="0x1"/>
                    <option name="1:8" alias="1:8" value="0x2"/>
                    <option name="1:16" alias="1:16" value="0x3"/>
                    <option name="1:32" alias="1:32" value="0x4"/>
                    <option name="1:64" alias="1:64" value="0x5"/>
                    <option name="1:128" alias="1:128" value="0x6"/>
                    <option name="1:256" alias="1:256" value="0x7"/>
                </setting>
                <setting alias="PSA" default="not_assigned" name="PSA" mask="0x8" type="R,W" porDefault="0x1">
                    <option name="assigned" alias="assigned" value="0x0"/>
                    <option name="not_assigned" alias="not_assigned" value="0x1"/>
                </setting>
                <setting alias="TMRSE" default="Increment_hi_lo" name="TMR0SE" mask="0x10" type="R,W" porDefault="0x1">
                    <option name="Increment_lo_hi" alias="Increment_lo_hi" value="0x0"/>
                    <option name="Increment_hi_lo" alias="Increment_hi_lo" value="0x1"/>
                </setting>
                <setting alias="TMRCS" default="T0CKI" name="TMR0CS" mask="0x20" type="R,W" porDefault="0x1">
                    <option name="FOSC/4" alias="FOSC/4" value="0x0"/>
                    <option name="T0CKI" alias="T0CKI" value="0x1"/>
                </setting>
                <setting alias="INTEDG" default="rising" name="INTEDG" mask="0x40" type="R,W" porDefault="0x1">
                    <option name="falling" alias="falling" value="0x0"/>
                    <option name="rising" alias="rising" value="0x1"/>
                </setting>
                <setting alias="nWPUEN" default="disabled" name="nWPUEN" mask="0x80" type="R,W" porDefault="0x1">
                    <option name="enabled" alias="enabled" value="0x0"/>
                    <option name="disabled" alias="disabled" value="0x1"/>
                </setting>
            </register>
            <register alias="TMR" name="TMR0" type="R,W" width="8">
                <setting alias="TMR" default="0x0" name="TMR0" mask="0xff" type="R,W" porDefault="0x0"/>
            </register>
        </module>
        <module group="Memory" name="MEMORY" type="nvm" version="v1" sub_version="" instance="">
            <register alias="PMADRL" name="PMADRL" type="R,W" width="8">
                <setting alias="PMADRL" default="0x0" name="PMADRL" mask="0xff" type="R,W" porDefault="0x0"/>
            </register>
            <register alias="PMADRH" name="PMADRH" type="R,W" width="8">
                <setting alias="PMADRH" default="0x0" name="PMADRH" mask="0x7f" type="R,W" porDefault="0x0"/>
            </register>
            <register alias="PMDATL" name="PMDATL" type="R,W" width="8">
                <setting alias="PMDATL" default="0x0" name="PMDATL" mask="0xff" type="R,W" porDefault="0x0"/>
            </register>
            <register alias="PMDATH" name="PMDATH" type="R,W" width="8">
                <setting alias="PMDATH" default="0x0" name="PMDATH" mask="0x3f" type="R,W" porDefault="0x0"/>
            </register>
            <register alias="PMCON1" name="PMCON1" type="R,W" width="8">
                <setting alias="RD" default="do_not_initiate_read" name="RD" mask="0x1" type="W" porDefault="0x0">
                    <option name="do_not_initiate_read" alias="do_not_initiate_read" value="0x0"/>
                    <option name="initiate_read" alias="initiate_read" value="0x1"/>
                </setting>
                <setting alias="WR" default="write_complete" name="WR" mask="0x2" type="W" porDefault="0x0">
                    <option name="write_complete" alias="write_complete" value="0x0"/>
                    <option name="initiate_write" alias="initiate_write" value="0x1"/>
                </setting>
                <setting alias="WREN" default="disabled" name="WREN" mask="0x4" type="R,W" porDefault="0x0">
                    <option name="disabled" alias="disabled" value="0x0"/>
                    <option name="enabled" alias="enabled" value="0x1"/>
                </setting>
                <setting alias="WRERR" default="normal_completion" name="WRERR" mask="0x8" type="R,W" porDefault="0x0">
                    <option name="normal_completion" alias="normal_completion" value="0x0"/>
                    <option name="program_error" alias="program_error" value="0x1"/>
                </setting>
                <setting alias="FREE" default="write" name="FREE" mask="0x10" type="R,W" porDefault="0x0">
                    <option name="write" alias="write" value="0x0"/>
                    <option name="erase" alias="erase" value="0x1"/>
                </setting>
                <setting alias="LWLO" default="load_latch_write" name="LWLO" mask="0x20" type="R,W" porDefault="0x0">
                    <option name="load_latch_write" alias="load_latch_write" value="0x0"/>
                    <option name="load_latch_only" alias="load_latch_only" value="0x1"/>
                </setting>
                <setting alias="CFGS" default="flash_eeprom" name="CFGS" mask="0x40" type="R,W" porDefault="0x0">
                    <option name="flash_eeprom" alias="flash_eeprom" value="0x0"/>
                    <option name="userid_deviceid" alias="userid_deviceid" value="0x1"/>
                </setting>
            </register>
            <register alias="PMCON2" name="PMCON2" type="W" width="8">
                <setting alias="PMCON2" default="0x0" name="PMCON2" mask="0xff" type="W" porDefault="0x0"/>
            </register>
            <property name="WRITE_FLASH_BLOCKSIZE" value="32"/>
            <property name="ERASE_FLASH_BLOCKSIZE" value="32"/>
            <property name="END_FLASH" value="0x800"/>
            <property name="EEPROM_SIZE" value="0"/>
        </module>
    </modules>
    <manager name="Interrupt Manager">
        <modules>
            <module group="INT" name="INT" type="int_8bit" version="v0" sub_version="a0" instance="">
                <register alias="INTCON" name="INTCON" type="R,W" width="8">
                    <setting alias="INTF" default="no_interrupt" name="INTF" mask="0x2" type="R,W" porDefault="0x0" description="INT External Interrupt Flag">
                        <option name="no_interrupt" alias="no_interrupt" value="0x0"/>
                        <option name="interrupt_occurred" alias="interrupt_occurred" value="0x1"/>
                    </setting>
                    <setting alias="INTE" default="disabled" name="INTE" mask="0x10" type="R,W" porDefault="0x0" description="INT External Interrupt Enable">
                        <option name="disabled" alias="disabled" value="0x0"/>
                        <option name="enabled" alias="enabled" value="0x1"/>
                    </setting>
                    <setting alias="PEIE" default="disabled" name="PEIE" mask="0x40" type="R,W" porDefault="0x0" description="Peripheral Interrupt Enable">
                        <option name="disabled" alias="disabled" value="0x0"/>
                        <option name="enabled" alias="enabled" value="0x1"/>
                    </setting>
                    <setting alias="GIE" default="disabled" name="GIE" mask="0x80" type="R,W" porDefault="0x0" description="Global Interrupt Enable">
                        <option name="disabled" alias="disabled" value="0x0"/>
                        <option name="enabled" alias="enabled" value="0x1"/>
                    </setting>
                </register>
                <register alias="OPTION_REG" name="OPTION_REG" type="R,W" width="8">
                    <setting alias="INTEDG" default="rising_edge" name="INTEDG" mask="0x40" type="R,W" porDefault="0x1" description="INT Interrupt Edge Select bit">
                        <option name="falling_edge" alias="falling_edge" value="0x0"/>
                        <option name="rising_edge" alias="rising_edge" value="0x1"/>
                    </setting>
                </register>
            </module>
        </modules>
    </manager>
</device>
